regime,aum,cost_drag_annual,spread_drag_annual,impact_drag_annual,turnover_annual,gross_annual,net_annual,adv_binding_share,relaxed,effective_assets_mean,largest_weight_median,inaccurate,resolve_max_l1
patient,405994.6505,0.002101821014,0.001681999139,0.000419821876,6.496953131,0.063851942,0.06175012099,0,0,2.634282992,0.4956550819,0,0
patient,446001.827,0.00211605387,0.001678822851,0.0004372310191,6.480540419,0.06382965715,0.06171360328,0,0,2.635450806,0.4944365884,0,0
patient,489951.3564,0.002130890456,0.001675555305,0.0004553351511,6.463749178,0.06380515104,0.06167426058,0,0,2.636643449,0.4943871232,0,0
patient,538231.7226,0.002146342968,0.00167218953,0.0004741534378,6.446511869,0.06377908632,0.06163274335,0,0,2.637812698,0.4943314896,0,0
patient,591269.6912,0.002162372689,0.001668709055,0.0004936636343,6.428625619,0.06375169875,0.06158932606,0,0,2.638955886,0.4940622134,0,0
patient,649534.0817,0.002178757505,0.001665124718,0.0005136327868,6.408721926,0.06372367532,0.06154491782,0,0,2.640339482,0.492457199,0,0
patient,713539.9119,0.002195679995,0.001661408373,0.0005342716219,6.387674479,0.06369429088,0.06149861088,0,0,2.641741894,0.4907805051,0,0
patient,783852.9497,0.002212275773,0.0016570733,0.0005552024728,6.358833444,0.06366229175,0.06145001598,0,0,2.64315364,0.4900383929,0,0
patient,861094.7145,0.002228521415,0.001652366735,0.0005761546798,6.328504445,0.06363187455,0.06140335314,0,0,2.644971065,0.4897756611,0,0
patient,945947.971,0.002245838736,0.001648457419,0.0005973813165,6.303675569,0.06360285196,0.06135701322,0,0,2.647159424,0.4891845596,0,0
patient,1039162.764,0.002263354901,0.001644523788,0.000618831113,6.278024551,0.06357420942,0.06131085452,0,0,2.649774769,0.4893115982,0,0
patient,1141563.05,0.002281684882,0.001640390957,0.0006412939249,6.252287032,0.06354377777,0.06126209289,0,0,2.652293439,0.483762277,0,0
patient,1254053.976,0.002300974326,0.001636134561,0.0006648397644,6.226519148,0.06351142501,0.06121045069,0,0,2.654611087,0.483813017,0,0
patient,1377629.887,0.002321461149,0.001631856388,0.0006896047601,6.200874144,0.0634737641,0.06115230295,0,0,2.656407287,0.4839140641,0,0
patient,1513383.11,0.002342924684,0.001627473175,0.0007154515095,6.17518369,0.06343770077,0.06109477608,0,0,2.658143475,0.4840161621,0,0
patient,1662513.61,0.002365549927,0.00162306074,0.0007424891867,6.149516749,0.06340023294,0.06103468301,0,0,2.659535941,0.4841187886,0,0
patient,1826339.599,0.002389531447,0.001618781643,0.0007707498046,6.124186698,0.06337422606,0.06098469461,0,0,2.660640824,0.4842213932,0,0
patient,2006309.189,0.002414673766,0.001614499068,0.0008001746985,6.099373751,0.06333535982,0.06092068606,0,0,2.661508677,0.4810462272,0,0
patient,2204013.188,0.002441100354,0.001610253158,0.0008308471959,6.074689923,0.06329312704,0.06085202668,0,0,2.662190572,0.4812115314,0,0
patient,2421199.164,0.002468619508,0.001605954167,0.0008626653412,6.04941501,0.06324874423,0.06078012472,0,0,2.66279778,0.4799761274,0,0
patient,2659786.895,0.00249637122,0.001601486709,0.0008948845111,6.02041479,0.06320402431,0.06070765309,0,0,2.664056197,0.4793768855,0,0
patient,2921885.333,0.002525863713,0.001597070239,0.0009287934747,5.990914729,0.06313672219,0.06061085847,0,0,2.665251772,0.4787289331,0,0
patient,3209811.25,0.002556493288,0.001592606625,0.0009638866623,5.960825092,0.06306932398,0.0605128307,0,0,2.666374017,0.4780263968,0,0
patient,3526109.717,0.002589573324,0.001590941776,0.0009986315482,5.929375863,0.06302613648,0.06043656315,0,0,2.669053419,0.4772647796,0,0
patient,3873576.595,0.002620683946,0.001585566073,0.001035117873,5.902648803,0.06295957835,0.06033889441,0,0,2.672475857,0.4777242121,0,0
patient,4255283.256,0.002652729803,0.001580002312,0.001072727491,5.874940402,0.06287626958,0.06022353978,0,0,2.676345125,0.4788450952,0,0
patient,4674603.728,0.002682624901,0.001571510407,0.001111114493,5.843241972,0.06283344893,0.06015082403,0,0,2.680980152,0.4800174961,0,0
patient,5135244.517,0.002709702657,0.001560608203,0.001149094453,5.805713747,0.06283584863,0.06012614597,0,0,2.686381039,0.4796133836,0,0
patient,5641277.376,0.002735757374,0.001549518138,0.001186239237,5.76739752,0.06281268208,0.0600769247,0,0,2.692166782,0.4777866139,0,0
patient,6197175.291,0.002761753895,0.001541261414,0.001220492481,5.726916782,0.06281885142,0.06005709752,0.005347593583,0,2.697741407,0.4815149308,0,0
patient,6807852.022,0.002781287793,0.001528834074,0.001252453719,5.682096086,0.06286724542,0.06008595763,0.005347593583,0,2.703449271,0.4813482586,0,0
patient,7478705.534,0.002790377351,0.001509927488,0.001280449864,5.626949445,0.06261475603,0.05982437868,0.01604278075,0,2.710557425,0.4740285424,0,0
patient,8215665.718,0.002808940595,0.001502855471,0.001306085125,5.569989131,0.06270275194,0.05989381135,0.01069518717,0,2.71578075,0.4755395783,0,0
patient,9025246.8,0.002818192478,0.001490786066,0.001327406412,5.509741712,0.06294549081,0.06012729833,0.01604278075,0,2.721493823,0.483623002,0,0
patient,9914604.927,0.002826508937,0.001479943822,0.001346565115,5.448754332,0.062990046,0.06016353706,0.03743315508,0,2.728028539,0.483397664,0,0
patient,10891601.42,0.002833843872,0.001467317669,0.001366526203,5.388253471,0.06311115566,0.06027731179,0.04812834225,0,2.735122674,0.4706396661,0,0
patient,11964872.26,0.002834447498,0.001449041402,0.001385406096,5.326868023,0.06330263732,0.06046818983,0.05347593583,0,2.743888013,0.4762488622,0,0
patient,13143904.44,0.002850129623,0.001439756519,0.001410373104,5.274504233,0.06350851052,0.0606583809,0.05347593583,0,2.755686035,0.4721144305,0,0
patient,14439119.79,0.002873469348,0.001434655491,0.001438813858,5.219942756,0.06364539716,0.06077192781,0.08021390374,0,2.765052305,0.4701955037,1,0.0003147626421
patient,15861967.14,0.002875434883,0.001423284118,0.001452150765,5.145369425,0.06384476065,0.06096932577,0.09625668449,0,2.770215357,0.4670012501,0,0
patient,17425023.5,0.002871937688,0.001408398073,0.001463539615,5.070188209,0.06421905808,0.0613471204,0.09090909091,0,2.771944877,0.472360961,0,0
patient,19142105.21,0.002867816465,0.001391106356,0.001476710109,4.995817249,0.06476426267,0.06189644621,0.1176470588,0,2.773751661,0.4763422758,0,0
patient,21028390.12,0.002863852076,0.001374458134,0.001489393942,4.917965343,0.06509121428,0.06222736221,0.1122994652,0,2.77795345,0.4775063602,0,0
patient,23100551.7,0.002857493959,0.001356359096,0.001501134864,4.830514396,0.06548331619,0.06262582223,0.1550802139,0,2.78356364,0.4751224866,0,0
patient,25376906.44,0.002837368934,0.001337850222,0.001499518711,4.731393282,0.06614400352,0.06330663459,0.1604278075,0,2.801698207,0.4738676199,0,0
patient,27877575.79,0.002838569765,0.001326120611,0.001512449154,4.662967781,0.06649235032,0.06365378055,0.192513369,0,2.819935907,0.4776512993,3,0.001099669219
patient,30624663.94,0.002780131352,0.001249983407,0.001530147945,4.609951076,0.06645546196,0.0636753306,0.1935483871,1,2.892722179,0.4569917425,1,0
patient,33642453.3,0.002795853975,0.001236819782,0.001559034193,4.552449886,0.06553053536,0.06273468139,0.2594594595,2,2.901714055,0.453412428,1,0.0008908846377
patient,36957619.06,0.002782268173,0.00121401427,0.001568253903,4.471134586,0.06562457573,0.06284230756,0.2864864865,2,2.92483426,0.4533349473,3,0.01146254213
patient,40599465.05,0.002775166667,0.001195097858,0.001580068809,4.391031659,0.06562581382,0.06285064715,0.2756756757,2,2.951602539,0.4484779619,2,0.001964182289
urgent,405994.6505,0.002462558751,0.001605266642,0.0008572921097,6.057172953,0.06327336595,0.0608108072,0,0,2.663840655,0.4801168621,0,0
urgent,446001.827,0.002490416784,0.001600624005,0.0008897927794,6.029928789,0.06323131295,0.06074089616,0,0,2.665146384,0.4795291663,0,0
urgent,489951.3564,0.002519824879,0.001596024254,0.0009238006247,6.002137701,0.06317339493,0.06065357005,0,0,2.666477259,0.4788928779,0,0
urgent,538231.7226,0.002550039231,0.001591383554,0.0009586556774,5.972582246,0.06310769883,0.0605576596,0,0,2.668072466,0.4782043029,0,0
urgent,591269.6912,0.002581566692,0.001586888443,0.0009946782487,5.942488559,0.06304491782,0.06046335113,0,0,2.669897662,0.4774569065,0,0
urgent,649534.0817,0.002614549305,0.001582844226,0.001031705079,5.911974037,0.06297733325,0.06036278394,0,0,2.67208683,0.4774552438,0,0
urgent,713539.9119,0.002648199645,0.001578690665,0.00106950898,5.880681566,0.06289831575,0.0602501161,0,0,2.674489107,0.4785667201,0,0
urgent,783852.9497,0.002683116961,0.001574381595,0.001108735366,5.848320052,0.0628264125,0.06014329554,0,0,2.677153672,0.4797246175,0,0
urgent,861094.7145,0.002715984624,0.001567963611,0.001148021013,5.811718652,0.06282512257,0.06010913794,0,0,2.680361238,0.4800024354,0,0
urgent,945947.971,0.002748481474,0.001560338109,0.001188143364,5.775782663,0.06282240784,0.06007392637,0,0,2.683964636,0.4781789254,0,0
urgent,1039162.764,0.002780652492,0.00155185294,0.001228799553,5.739709965,0.06284442803,0.06006377554,0,0,2.687655052,0.4755020768,0,0
urgent,1141563.05,0.002813515845,0.001542929741,0.001270586104,5.70351966,0.06288897901,0.06007546317,0,0,2.691386828,0.4727457754,0,0
urgent,1254053.976,0.002847435707,0.00153369183,0.001313743877,5.666601131,0.06295188077,0.06010444506,0,0,2.695230458,0.4702627928,0,0
urgent,1377629.887,0.002879733126,0.001523071904,0.001356661222,5.624195621,0.06303401603,0.0601542829,0,0,2.699346299,0.4697151827,0,0
urgent,1513383.11,0.002912028872,0.001511540947,0.001400487924,5.579751151,0.06313167774,0.06021964887,0,0,2.703414123,0.4694389214,0,0
urgent,1662513.61,0.00294584132,0.001499862616,0.001445978704,5.535490435,0.06323114671,0.06028530539,0,0,2.707386865,0.4702119517,0,0
urgent,1826339.599,0.00298021002,0.001488082479,0.001492127541,5.489949638,0.06331305398,0.06033284396,0,0,2.711664702,0.4707738302,0,0
urgent,2006309.189,0.003015038732,0.001475776011,0.00153926272,5.443807117,0.06338704609,0.06037200736,0,0,2.716279307,0.4705223993,0,0
urgent,2204013.188,0.003050747194,0.001463147428,0.001587599765,5.397419333,0.06344340762,0.06039266042,0,0,2.721046924,0.4686088114,0,0
urgent,2421199.164,0.003087383058,0.001450455884,0.001636927174,5.349129354,0.06349647232,0.06040908926,0,0,2.726623558,0.4675113088,0,0
urgent,2659786.895,0.003126707991,0.001439563643,0.001687144348,5.299865999,0.06353098443,0.06040427644,0,0,2.732017876,0.465171759,0,0
urgent,2921885.333,0.003165282819,0.00142816424,0.001737118579,5.247675025,0.06358853881,0.06042325599,0,0,2.737646514,0.4643142932,0,0
urgent,3209811.25,0.003198596246,0.001413653302,0.001784942944,5.193355717,0.06371428272,0.06051568647,0,0,2.743859692,0.4655182108,0,0
urgent,3526109.717,0.003226279107,0.001398296128,0.001827982979,5.13295406,0.06386968765,0.06064340854,0,0,2.750841103,0.4645102983,0,0
urgent,3873576.595,0.003256988239,0.001384296274,0.001872691965,5.075635899,0.06397191268,0.06071492444,0,0,2.757372389,0.4678261987,0,0
urgent,4255283.256,0.003293326979,0.001372975652,0.001920351327,5.024238435,0.06395379387,0.06066046689,0,0,2.762958062,0.4650920585,0,0
urgent,4674603.728,0.003331516066,0.001361930354,0.001969585712,4.974036798,0.0639180581,0.06058654204,0,0,2.768176394,0.4658119732,0,0
urgent,5135244.517,0.003368876905,0.001349759011,0.002019117894,4.924935351,0.06383570729,0.06046683039,0,0,2.773810148,0.4638773504,0,0
urgent,5641277.376,0.003407300689,0.00133815274,0.002069147949,4.874968955,0.06372889366,0.06032159297,0,0,2.780488216,0.4651050166,0,0
urgent,6197175.291,0.003443869645,0.001326515587,0.002117354059,4.82200052,0.06362654011,0.06018267046,0,0,2.788969894,0.4589577259,0,0
urgent,6807852.022,0.003481075747,0.001314461265,0.002166614482,4.769503754,0.06358977473,0.06010869899,0.005347593583,0,2.797496601,0.459189509,0,0
urgent,7478705.534,0.003516855706,0.001302336557,0.002214519149,4.71783558,0.0635912072,0.06007435149,0.005347593583,0,2.807309732,0.4622306767,0,0
urgent,8215665.718,0.003543779551,0.001288511308,0.002255268243,4.66580116,0.06352817699,0.05998439744,0.005347593583,0,2.817896136,0.4602595101,0,0
urgent,9025246.8,0.003567372531,0.001275721546,0.002291650985,4.615959275,0.06348576254,0.05991839001,0.01069518717,0,2.827402084,0.4583456043,0,0
urgent,9914604.927,0.003589576868,0.001263379764,0.002326197104,4.567415021,0.06340462418,0.05981504731,0.01069518717,0,2.836332339,0.4568245612,0,0
urgent,10891601.42,0.003616319758,0.001251246918,0.00236507284,4.52049242,0.06329434681,0.05967802706,0.01604278075,0,2.842297238,0.4625313792,0,0
urgent,11964872.26,0.003647571394,0.001240629584,0.00240694181,4.471905816,0.06325040945,0.05960283805,0.0320855615,0,2.848920098,0.4679301797,0,0
urgent,13143904.44,0.003665257434,0.001227777757,0.002437479677,4.416521305,0.06337692325,0.05971166582,0.0320855615,0,2.860844798,0.4568043318,0,0
urgent,14439119.79,0.003669242928,0.001217370403,0.002451872524,4.338927173,0.06373243307,0.06006319014,0.0320855615,0,2.874813887,0.4532671157,0,0
urgent,15861967.14,0.003666865805,0.001207084967,0.002459780838,4.259811392,0.06401606546,0.06034919965,0.04812834225,0,2.883386014,0.4532527947,0,0
urgent,17425023.5,0.003656452185,0.001193621747,0.002462830437,4.181363897,0.06426490467,0.06060845249,0.06417112299,0,2.885791832,0.4536326924,0,0
urgent,19142105.21,0.003648417455,0.001177911997,0.002470505458,4.104136863,0.06456421687,0.06091579941,0.06417112299,0,2.88936019,0.4592699516,1,0.0003962214506
urgent,21028390.12,0.003641359716,0.001162927169,0.002478432547,4.027270449,0.06492609046,0.06128473074,0.1016042781,0,2.890046961,0.4652476729,0,0
urgent,23100551.7,0.003644446381,0.001148701685,0.002495744695,3.948235209,0.0653375709,0.06169312451,0.1122994652,0,2.889152844,0.4749930301,0,0
urgent,25376906.44,0.003642071307,0.001132582611,0.002509488696,3.864561108,0.06551312214,0.06187105083,0.1443850267,0,2.902001962,0.4645025741,0,0
urgent,27877575.79,0.003662929878,0.001122034454,0.002540895424,3.799980711,0.06563703649,0.06197410662,0.1711229947,0,2.923434055,0.4640348362,0,0
urgent,30624663.94,0.003768622795,0.001156987088,0.002611635707,3.760403634,0.0653413616,0.06157273881,0.1604278075,0,2.96243779,0.4672375035,3,0.001776717373
urgent,33642453.3,0.003629620385,0.001034398263,0.002595222122,3.697281137,0.0638083615,0.06017874111,0.2,2,3.042963012,0.43848726,0,0
urgent,36957619.06,0.003634885726,0.001017508886,0.00261737684,3.621120749,0.06381251478,0.06017762905,0.1891891892,2,3.078694861,0.4286877696,2,0.00136469109
urgent,40599465.05,0.003652479522,0.001005661164,0.002646818358,3.553498714,0.0638068432,0.06015436368,0.2540540541,2,3.111406545,0.4343546854,1,0
