end,start,days,portfolio_return,factor_return,specific_return,fixed_weight_return,buy_and_hold_return,benchmark_return,ex_ante_factor_variance,ex_ante_specific_variance,ex_ante_total_variance,contrib_equity,contrib_rates_level,contrib_rates_slope,contrib_credit,contrib_commodity,contrib_dollar,impact,fees,shortfall,predicted,realised,residual
2009-06-30,2009-05-29,22,-0.01296796978,-0.01490581309,0.001937843313,-0.01279710831,-0.01311573513,-0.00326775489,0.0003981934891,0.0001092447334,0.0005074382224,-5.753339272e-05,-0.007436209002,-0.001023323614,-0.002361930238,-0.0002069715603,-0.003819845286,0.0008368156557,0,0.0008368156557,0.0008368156557,0.0008368156557,1.084202172e-19
2009-07-31,2009-06-30,22,0.01643431361,0.005006948354,0.01142736526,0.01655731543,0.01632328664,0.04423950346,0.0002987418413,0.0002086964606,0.0005074383019,0.002216320659,0.0007830330049,-0.0004437777433,-0.006043802365,-0.00226237831,0.01075755311,0.0008157686389,0,0.0008157686389,0.0008157686389,0.0008157686389,1.084202172e-19
2009-08-31,2009-07-31,21,0.005203942638,-0.0004254325919,0.00562937523,0.005428284897,0.005109486856,0.009560237163,0.0003097344237,0.0001977039026,0.0005074383263,-0.0002466136028,0.004898316948,-0.0001252970799,0.001872630492,-0.004633104886,-0.002191364463,0.0006024181836,0,0.0006024181836,0.0006024181836,0.0006024181836,0
2009-09-30,2009-08-31,21,0.03942272645,0.01635913323,0.02306359322,0.03944540698,0.03986896445,0.0350605802,0.0003193412628,0.000188097091,0.0005074383538,0.003359897515,0.003523676573,-0.0002998606596,0.006433507074,-0.003178974062,0.006520886788,0.0009773233622,0,0.0009773233622,0.0009773233622,0.0009773233622,0
2009-10-30,2009-09-30,21,-0.007413946134,-0.00651557825,-0.0008983678843,-0.006908885586,-0.007773340164,-0.01175456136,0.0004260047222,8.143345436e-05,0.0005074381766,-0.007071204094,-0.002567673653,-0.000822315971,0.001344945621,0.001742180593,0.0008584892552,0.00053571462,0,0.00053571462,0.00053571462,0.00053571462,1.084202172e-19
2009-11-30,2009-10-30,19,0.03329064198,0.02367714103,0.009613500947,0.03313914376,0.03365646088,0.03350058434,0.0004036025688,0.000103835678,0.0005074382468,0.01313470501,0.00788031139,-0.0004989307266,-9.452310559e-05,0.0004749820009,0.002780596466,1.560346227e-05,0,1.560346227e-05,1.560346227e-05,1.560346227e-05,1.016439537e-20
2009-12-31,2009-11-30,21,-0.013178259,-0.008491181632,-0.004687077372,-0.01305914127,-0.01334128,-0.005276858769,0.0003787367168,0.000128701509,0.0005074382257,0.003557725342,-0.01438191537,-0.0001013128591,0.006223211124,0.00253844802,-0.006327337893,0.0005183037511,0,0.0005183037511,0.0005183037511,0.0005183037511,0
2010-01-29,2009-12-31,19,-0.002198809992,-0.005526770893,0.003327960901,-0.001972540331,-0.002456620222,-0.01627945185,0.0002833529131,0.0002240853759,0.000507438289,-0.003135166326,0.008439989224,0.001056852643,-0.001009318505,-0.005334399913,-0.005544728017,0.0001256873645,0,0.0001256873645,0.0001256873645,0.0001256873645,-2.710505431e-20
2010-02-26,2010-01-29,15,0.01816856739,0.01705581344,0.001112753952,0.01841751046,0.0180139986,0.01044374398,0.0003883836793,0.0001190545289,0.0005074382083,0.003001899274,0.004211897179,6.751609747e-05,0.008797655362,0.0005563343025,0.0004205112204,0.0004890257126,0,0.0004890257126,0.0004890257126,0.0004890257126,2.168404345e-19
2010-03-31,2010-02-26,23,0.01232923324,0.01028540413,0.002043829102,0.01243562233,0.01230855123,0.01893254852,0.0004631070351,4.433120875e-05,0.0005074382439,0.01334512306,-0.00382053921,-0.000169033419,-0.0003840610251,-0.0009314332549,0.002245347983,0.0001767441979,0,0.0001767441979,0.0001767441979,0.0001767441979,0
2010-04-30,2010-03-31,20,0.02833930573,0.01759509247,0.01074421326,0.02843508757,0.02860046824,0.02534686851,0.0004568218416,5.06164057e-05,0.0005074382473,0.002604456652,0.00507531701,-0.001000001813,0.009318894278,0.001437500277,0.0001589260666,2.089004469e-05,0,2.089004469e-05,2.089004469e-05,2.089004469e-05,-1.694065895e-20
2010-05-28,2010-04-30,20,-0.03585475132,-0.03796038457,0.002105633256,-0.03538443542,-0.03614180377,-0.02553472876,0.0004955767236,1.186151466e-05,0.0005074382383,-0.02803215073,0.004541476545,3.64933325e-05,-0.0110184462,-0.0007889974824,-0.002698760033,8.484783477e-05,0,8.484783477e-05,8.484783477e-05,8.484783477e-05,-4.065758147e-20
2010-06-30,2010-05-28,22,0.008647161288,-0.0002151688025,0.00886233009,0.008830346903,0.008480693562,0.005772166073,0.0004561407583,5.129755718e-05,0.0005074383155,-0.01762004748,0.008897591681,-0.0007127518732,0.01016551739,-0.001506598467,0.0005611199535,0.0004179080344,0,0.0004179080344,0.0004179080344,0.0004179080344,-5.421010862e-20
2010-07-30,2010-06-30,21,-0.006934560264,0.0227205805,-0.02965514076,-0.007192399419,-0.007190160298,0.03307946869,0.0002422281468,0.0002652101462,0.000507438293,0.001021752037,0.003964891706,0.002150511509,0.005628376015,0.002021786772,0.007933262462,0.0008201457199,0,0.0008201457199,0.0008201457199,0.0008201457199,0
2010-08-31,2010-07-30,22,0.05014178015,0.02234680688,0.02779497328,0.05002535295,0.0511392547,0.008785082005,0.0002857567826,0.0002216814461,0.0005074382286,-0.000530820954,0.02572043873,0.0001819848271,0.0004554721278,-0.0004466443447,-0.003033623514,9.399551866e-05,0,9.399551866e-05,9.399551866e-05,9.399551866e-05,2.710505431e-20
2010-09-30,2010-08-31,21,0.04047026307,0.03643265162,0.004037611448,0.03996313532,0.04109200805,0.04383831515,0.0004147447327,9.269346515e-05,0.0005074381978,0.02603555057,-0.002101354414,-0.002218955153,0.0009464033705,0.002058181908,0.01171282534,0.0008817191886,0,0.0008817191886,0.0008817191886,0.0008817191886,-1.084202172e-19
2010-10-29,2010-09-30,20,-0.005973019511,-0.01137799545,0.00540497594,-0.006285516133,-0.006260763995,0.01271302164,0.0004606929587,4.674524726e-05,0.000507438206,0.002765813218,-0.00651439359,-0.01170810123,0.00021765704,0.002068094686,0.001792934427,0.0004389094945,0,0.0004389094945,0.0004389094945,0.0004389094945,5.421010862e-20
2010-11-30,2010-10-29,20,-0.01002951232,-0.01847659104,0.008447078719,-0.009158363288,-0.01069211263,-0.007441357449,0.0004182234722,8.92147617e-05,0.0005074382339,0.002300131453,-0.01436184643,0.0004806747633,-0.0004758000559,0.005253177886,-0.01167292865,0.0001450349863,0,0.0001450349863,0.0001450349863,0.0001450349863,0
2010-12-30,2010-11-30,21,-0.003800547311,0.0004858540805,-0.004286401392,-0.004250045512,-0.004090040389,0.01803111081,0.0004259523846,8.148590127e-05,0.0005074382858,0.01477591289,-0.02787161603,2.135196095e-05,0.0002139866827,0.005594902572,0.007751316008,0.0003431851947,0,0.0003431851947,0.0003431851947,0.0003431851947,-1.084202172e-19
2011-01-31,2010-12-30,20,-0.02017485972,0.009125799666,-0.02930065938,-0.02025806129,-0.0201216609,-0.007602959106,0.0003744507526,0.000132987485,0.0005074382376,0.003724812584,-0.004505034609,0.001631730353,0.001738422739,0.003022590572,0.003513278026,0.0004291542869,0,0.0004291542869,0.0004291542869,0.0004291542869,5.421010862e-20
2011-02-28,2011-01-31,19,0.03149711798,0.0161850186,0.01531209938,0.03149738204,0.03190382351,0.0230474011,0.0004098513909,9.758685929e-05,0.0005074382502,0.00884796527,-0.001535185925,0.0004559691941,0.0005098338925,0.004586637415,0.003319798754,0.0002160218518,0,0.0002160218518,0.0002160218518,0.0002160218518,-2.710505431e-20
2011-03-31,2011-02-28,23,0.001738561853,0.001968148972,-0.0002295871192,0.002072458924,0.001540457555,0.008186722337,0.0004957225247,1.171571181e-05,0.0005074382365,0.002232775369,-0.001384047705,8.947200552e-05,-0.0006745702385,0.0003994010384,0.001305118502,0.0001419885612,0,0.0001419885612,0.0001419885612,0.0001419885612,-2.710505431e-20
2011-04-29,2011-03-31,20,0.03851176171,0.02438532601,0.01412643569,0.03826746497,0.03910606812,0.03131072708,0.0004428327649,6.460544159e-05,0.0005074382065,0.008108388273,0.003394216282,-0.0002061720813,0.002387747228,-0.001296278687,0.011997425,0.0005390507959,0,0.0005390507959,0.0005390507959,0.0005390507959,1.084202172e-19
2011-05-31,2011-04-29,21,-0.005877850938,-0.006146823551,0.0002689726129,-0.005572979049,-0.006100923215,-0.002405101537,0.0004313000182,7.613821657e-05,0.0005074382347,-0.003948103491,0.004575815071,-3.731995088e-05,0.001908414893,-0.004270031161,-0.004375598912,0.0001447788,0,0.0001447788,0.0001447788,0.0001447788,2.710505431e-20
2011-06-30,2011-05-31,22,-0.01673856575,-0.01434855264,-0.002390013115,-0.01631906836,-0.01679043035,-0.0146718397,0.0003605584349,0.0001468797929,0.0005074382279,-0.003735629697,-0.003326138178,0.0002332909128,-5.501177344e-05,-0.008296884333,0.0008318204296,0.0001796585565,0,0.0001796585565,0.0001796585565,0.0001796585565,0
2011-07-29,2011-06-30,20,0.04817681964,0.02315941156,0.02501740807,0.04780921752,0.04910714251,0.02164388172,0.0003225060092,0.0001849322018,0.000507438211,-0.003263640681,0.01426177834,-0.0002284757751,0.00162707182,0.005614558958,0.005148118902,0.0002343737262,0,0.0002343737262,0.0002343737262,0.0002343737262,0
2011-08-31,2011-07-29,23,0.05594080638,0.0008388668979,0.05510193949,0.05721136478,0.0561834439,0.003675558939,0.0003297718133,0.0001776664175,0.0005074382308,-0.01156202681,0.01827671424,-0.00379123532,-0.001137582577,0.005117440789,-0.006064443425,1.155919675e-05,0,1.155919675e-05,1.155919675e-05,1.155919675e-05,-1.355252716e-20
2011-09-30,2011-08-31,21,-0.05216394717,-0.02978629305,-0.02237765412,-0.05244352395,-0.05161937022,-0.03327256591,0.0003335824869,0.0001738557682,0.0005074382551,0.001854658155,0.01505176063,0.003550134604,-0.006595236947,-0.009962218751,-0.03368539074,0.0002230952078,0,0.0002230952078,0.0002230952078,0.0002230952078,-2.710505431e-20
2011-10-31,2011-09-30,20,0.0137401876,0.01001519939,0.003724988208,0.01434753086,0.01366068158,0.03333887611,0.0004067498356,0.0001006883742,0.0005074382098,-0.001018420745,-0.01027315117,0.0005448696804,0.007860239672,-0.0003072211685,0.01320888312,0.0003039288805,0,0.0003039288805,0.0003039288805,0.0003039288805,5.421010862e-20
2011-11-30,2011-10-31,20,0.002586495649,-0.002071936655,0.004658432305,0.003331477196,0.002452322326,-0.01176814474,0.0004824247502,2.501344656e-05,0.0005074381968,-0.001223191272,0.005295695008,0.0009479776298,-0.005134586445,0.002290900545,-0.004248732122,0.0003510000185,0,0.0003510000185,0.0003510000185,0.0003510000185,5.421010862e-20
2011-12-30,2011-11-30,21,0.009867291095,0.01834993927,-0.008482648179,0.009631122761,0.009785261014,-0.0002498870933,0.0004601386933,4.729950597e-05,0.0005074381992,0.001132947506,0.01077385252,0.00240369477,0.008034298341,-0.001018284142,-0.002976569717,0.0001133675487,0,0.0001133675487,0.0001133675487,0.0001133675487,-4.065758147e-20
2012-01-31,2011-12-30,20,0.0282536835,0.01618941808,0.01206426542,0.02814070061,0.02848901376,0.03881794761,0.0004726888964,3.474930397e-05,0.0005074382003,0.009093537402,0.005459634622,-0.003308861031,-0.0001466039868,1.426468512e-05,0.005077446388,0.0001635893674,0,0.0001635893674,0.0001635893674,0.0001635893674,-8.131516294e-20
2012-02-29,2012-01-31,20,0.002159639961,-0.001065746156,0.003225386117,0.002305480413,0.002000177078,0.01319378262,0.0005006170423,6.821164366e-06,0.0005074382066,0.01178569788,-0.01299765821,-0.0007439594413,0.0008684741443,4.372067373e-05,-2.202120574e-05,0.0002605699807,0,0.0002605699807,0.0002605699807,0.0002605699807,-5.421010862e-20
2012-03-30,2012-02-29,22,-0.01825875192,-0.02221183799,0.003953086071,-0.01816522979,-0.01835480681,-0.01180502502,0.0004942985955,1.313960659e-05,0.0005074382021,0.008098788914,-0.01937100933,-0.006605855097,-0.003183652123,-0.0001365681151,-0.001013542241,6.475220819e-05,0,6.475220819e-05,6.475220819e-05,6.475220819e-05,1.355252716e-20
2012-04-30,2012-03-30,19,0.01199654336,0.009840430923,0.002156112435,0.01257929199,0.01197464033,0.00414751566,0.0004991856084,8.252605872e-06,0.0005074382143,0.001564111134,0.008636429296,-0.001386065968,0.001170816772,-0.0003246177101,0.0001797573996,0.0001181208351,0,0.0001181208351,0.0001181208351,0.0001181208351,0
2012-05-31,2012-04-30,22,0.01294557075,0.01054931267,0.002396258071,0.01029324236,0.01283737996,-0.0238221029,0.0005019465105,5.491739515e-06,0.00050743825,-0.03110955758,0.02188709412,0.01996987093,-5.405595176e-06,0.0001162510325,-0.0003089402376,0.0001320124598,0,0.0001320124598,0.0001320124598,0.0001320124598,5.421010862e-20
2012-06-29,2012-05-31,21,0.01693509372,0.0133269397,0.003608154017,0.01837786382,0.01689831356,0.02120106731,0.0005020474511,5.390763905e-06,0.000507438215,0.02019540575,-0.00614318228,-0.001045237272,-3.121421038e-05,7.104187897e-05,0.0002801258319,2.036592538e-05,0,2.036592538e-05,2.036592538e-05,2.036592538e-05,-2.032879073e-20
2012-07-31,2012-06-29,21,0.02738370556,0.02271788875,0.004665816807,0.02792997773,0.02760470975,0.01733465191,0.0005021920555,5.246139079e-06,0.0005074381945,0.002800600488,0.0162430139,0.004068558787,-3.039403436e-05,-0.000371344326,7.453943125e-06,0.0002975866029,0,0.0002975866029,0.0002975866029,0.0002975866029,-5.421010862e-20
2012-08-31,2012-07-31,23,0.0016859066,-0.0006116444401,0.002297551041,0.002262168602,0.001383906879,0.01401314199,0.0005028005324,4.637670289e-06,0.0005074382027,0.01071624083,-0.004852592953,-0.006910536539,0.0001934374926,6.534607833e-05,0.0001764606481,0.0001516233158,0,0.0001516233158,0.0001516233158,0.0001516233158,0
2012-09-28,2012-08-31,19,0.001520488586,-0.001197031678,0.002717520264,0.002122402154,0.001338716648,0.01323855692,0.0005007070783,6.731119275e-06,0.0005074381975,0.0115505468,-0.005551103237,-0.007438513499,-0.0005509860507,-0.0001888370741,0.00098186138,0.0001513171411,0,0.0001513171411,0.0001513171411,0.0001513171411,0
2012-10-26,2012-09-28,19,-0.01756305617,-0.01863169063,0.001068634453,-0.01681466921,-0.01752696068,-0.009283063919,0.0005020764608,5.36175157e-06,0.0005074382124,-0.008829927126,-0.01043529038,-0.0005156350472,0.001426590962,-0.0001771680621,-0.0001002609736,3.906523708e-05,0,3.906523708e-05,3.906523708e-05,3.906523708e-05,0
2012-11-30,2012-10-26,20,0.005987750179,0.007602934459,-0.00161518428,0.006720004184,0.005784576313,0.007923736561,0.0005018188931,5.619337041e-06,0.0005074382301,0.004815677478,0.00584058135,-0.003188079098,7.561242299e-05,4.701392947e-05,1.212837575e-05,4.392097043e-05,0,4.392097043e-05,4.392097043e-05,4.392097043e-05,-1.355252716e-20
2012-12-31,2012-11-30,20,-0.009549889428,-0.01224482433,0.002694934898,-0.009457774922,-0.009661845753,0.00553264686,0.0004700464265,3.739184815e-05,0.0005074382747,0.0009828185135,-0.0109904304,-0.003231753419,0.001071244755,-0.0001019291533,2.522537897e-05,0.0005373352696,0,0.0005373352696,0.0005373352696,0.0005373352696,1.084202172e-19
2013-01-31,2012-12-31,21,-0.005252022887,-0.006957488199,0.001705465313,-0.005995624825,-0.005410367181,0.004427032055,0.0005020953824,5.342898423e-06,0.0005074382808,0.02359757832,-0.01757434761,-0.01214916959,-0.001062936004,7.395391511e-05,0.0001574327784,0.0004287520285,0,0.0004287520285,0.0004287520285,0.0004287520285,-1.084202172e-19
2013-02-28,2013-01-31,19,0.001630855349,0.0001435611298,0.00148729422,0.00216655737,0.001508331226,-0.003209266527,0.0004500026968,5.743551235e-05,0.0005074382091,0.00572061719,0.004161580024,-0.001286947979,0.001871765257,-0.000503351999,-0.009820101362,0.0004101074278,0,0.0004101074278,0.0004101074278,0.0004101074278,1.084202172e-19
2013-03-28,2013-02-28,19,0.02342614265,0.02434945703,-0.0009233143772,0.02353893213,0.02363123171,0.01009663065,0.0004853158533,2.212238551e-05,0.0005074382388,0.02451116167,0.001055602081,-0.0002971692632,-0.001275953609,0.0003216083991,3.420775238e-05,0.0005555871782,0,0.0005555871782,0.0005555871782,0.0005555871782,-1.084202172e-19
2013-04-30,2013-03-28,22,0.02140979958,0.02308954468,-0.001679745101,0.02188287466,0.02123810943,0.00922617312,0.00049133395,1.610424677e-05,0.0005074381968,0.01108183494,0.005569945597,0.00560237574,0.001995604799,-0.001292128075,0.000131911687,0.0001596601843,0,0.0001596601843,0.0001596601843,0.0001596601843,-2.710505431e-20
2013-05-31,2013-04-30,22,-0.00296963027,-0.003699638306,0.0007300080363,-0.003757078614,-0.003203707132,-0.03084179343,0.0005014274635,6.010740076e-06,0.0005074382036,0.02117499952,-0.01734365738,-0.006373064645,-0.001761315098,0.0002438668126,0.0003595324846,0.0002958901122,0,0.0002958901122,0.0002958901122,0.0002958901122,5.421010862e-20
2013-06-28,2013-05-31,20,-0.01915361381,-0.02114884553,0.001995231723,-0.01876072858,-0.01978452757,-0.03439358285,0.0005018387028,5.599494401e-06,0.0005074381972,-0.008803726148,-0.01323860408,0.001633158738,-0.0008285746857,0.0001540938791,-6.519324032e-05,6.433449578e-05,0,6.433449578e-05,6.433449578e-05,6.433449578e-05,1.355252716e-20
2013-07-31,2013-06-28,22,0.03266928822,0.03393663139,-0.001267343176,0.03262441715,0.03297153127,0.02373977985,0.0005015477686,5.890454304e-06,0.0005074382229,0.04282215513,-0.002437437632,-0.006755937494,0.0004289934231,-0.0001609582082,3.981617258e-05,4.01195116e-05,0,4.01195116e-05,4.01195116e-05,4.01195116e-05,0
2013-08-30,2013-07-31,22,-0.02430420605,-0.02222386427,-0.002080341778,-0.02387057066,-0.02430180447,-0.009374018233,0.0004996765414,7.761668575e-06,0.0005074382099,-0.01976366052,-0.004932561033,0.001939322943,-4.487629592e-05,0.000644588964,-6.667833366e-05,0.0001035744359,0,0.0001035744359,0.0001035744359,0.0001035744359,-4.065758147e-20
2013-09-30,2013-08-30,20,0.02801933919,0.02305413354,0.004965205651,0.02784657462,0.02828191632,0.01703909001,0.0004957460487,1.169216782e-05,0.0005074382165,0.02464349743,0.0006515906931,-0.0006754531307,-0.0001224142088,-0.001152660124,-0.0002904271194,0.0001088264082,0,0.0001088264082,0.0001088264082,0.0001088264082,0
2013-10-31,2013-09-30,22,0.01118659581,0.02465204721,-0.0134654514,0.01141707681,0.01090731662,0.01647251686,0.0004513405159,5.609769204e-05,0.000507438208,0.02446677426,0.0004547298529,9.892706479e-05,-0.0002422336197,-3.4648289e-05,-9.150206066e-05,0.0002297105911,0,0.0002297105911,0.0002297105911,0.0002297105911,-2.710505431e-20
2013-11-29,2013-10-31,19,0.02097904284,0.01872898998,0.002250052862,0.02099470053,0.02099348203,-0.004973396415,0.0004525553205,5.488289665e-05,0.0005074382171,0.01945773904,-0.0005856561891,-0.0007625199846,1.147229271e-05,-2.791801087e-05,0.0006358728286,1.534548755e-06,0,1.534548755e-06,1.534548755e-06,1.534548755e-06,5.082197684e-21
2013-12-31,2013-11-29,20,0.01371064526,0.016071269,-0.002360623742,0.01359631488,0.0135862187,-0.007371153997,0.0004809745948,2.646362801e-05,0.0005074382228,0.02266186546,-0.006595175037,0.0002453042995,-0.0002290828562,8.229056045e-06,-1.98719243e-05,0.0003313210059,0,0.0003313210059,0.0003313210059,0.0003313210059,0
2014-01-31,2013-12-31,21,-0.01556346552,-0.01767580193,0.002112336409,-0.01554613817,-0.01576762893,0.003612501687,0.0004840479576,2.339025743e-05,0.000507438215,-0.02344421565,0.00509287272,0.0004415257341,8.738981117e-05,7.251893616e-07,0.0001459002691,7.19923523e-05,0,7.19923523e-05,7.19923523e-05,7.19923523e-05,1.355252716e-20
2014-02-28,2014-01-31,17,0.02425048381,0.02733562741,-0.003085143599,0.02430227825,0.02426091124,0.01988267368,0.0004913522562,1.608595992e-05,0.0005074382161,0.0279018125,-0.0008234976979,1.724488644e-05,1.589953103e-05,0.0001959591869,2.820900286e-05,9.495860454e-05,0,9.495860454e-05,9.495860454e-05,9.495860454e-05,-2.710505431e-20
2014-03-31,2014-02-28,19,-0.002884961219,-0.001622444515,-0.001262516705,-0.002596560671,-0.003124332436,-0.001294047001,0.0004568607787,5.057745425e-05,0.0005074382329,0.001613870345,-0.004362181004,0.001405654827,-8.114650571e-05,-6.823303896e-05,-0.0001304091387,0.0002332880488,0,0.0002332880488,0.0002332880488,0.0002332880488,2.710505431e-20
2014-04-30,2014-03-31,21,-0.008294306735,0.002676771737,-0.01097107847,-0.008177622282,-0.008636201557,0.007632965255,0.0004616190864,4.581914261e-05,0.0005074382291,-0.001071650677,0.002800528978,0.0012952472,-0.0001120285933,2.918301676e-05,-0.0002645081869,3.634299619e-05,0,3.634299619e-05,3.634299619e-05,3.634299619e-05,0
2014-05-30,2014-04-30,21,0.02663787394,0.02307384368,0.003564030261,0.02700249852,0.02683678341,0.01245578087,0.0004962814264,1.115677243e-05,0.0005074381988,0.01538263687,0.006532219001,0.0009685526152,0.0003388768771,-0.0001954110607,4.696937915e-05,0.0003200739061,0,0.0003200739061,0.0003200739061,0.0003200739061,-5.421010862e-20
2014-06-30,2014-05-30,21,0.01736454349,0.0198942116,-0.002529668113,0.01752496951,0.01742190279,0.01491036715,0.0004959814811,1.145675339e-05,0.0005074382345,0.02001936425,-0.002432678345,0.002136007325,-0.0002325469385,0.000177064292,0.0002270010151,4.140125572e-06,0,4.140125572e-06,4.140125572e-06,4.140125572e-06,-3.388131789e-21
2014-07-31,2014-06-30,22,-0.00942315296,-0.01658097466,0.007157821698,-0.009140944712,-0.009672299503,-0.01463880502,0.0004959974948,1.144071404e-05,0.0005074382088,-0.01612977938,-0.002499779258,0.003791134802,-0.00129683705,-0.0002711897967,-0.0001745239726,1.222061373e-05,0,1.222061373e-05,1.222061373e-05,1.222061373e-05,-3.388131789e-21
2014-08-29,2014-07-31,21,0.04337133399,0.04309952095,0.0002718130363,0.0434847982,0.04411480286,0.0211600176,0.0004949716449,1.246658717e-05,0.0005074382321,0.03385111419,0.005107586737,0.00359856068,0.0006313601222,-4.160977942e-05,-4.749100455e-05,1.139773883e-06,0,1.139773883e-06,1.139773883e-06,1.139773883e-06,-1.058791184e-21
2014-09-30,2014-08-29,21,-0.01553817177,-0.02109010009,0.005551928326,-0.01529232532,-0.01566769367,-0.03403411808,0.0004949547611,1.248343371e-05,0.0005074381949,-0.01584736606,-0.004547723005,0.0004276739781,-0.0005612202206,-7.014388023e-05,-0.0004913209054,6.054806953e-08,0,6.054806953e-08,6.054806953e-08,6.054806953e-08,-1.058791184e-22
2014-10-31,2014-09-30,22,0.0408731398,0.03833363609,0.002539503716,0.04145795441,0.0409360835,0.01161271735,0.0003982079506,1.150037733e-05,0.0004097083279,0.03266575472,0.006022378222,-9.920095064e-05,-1.786688432e-05,-0.0001327433299,-0.0001046856899,3.821708875e-06,0,3.821708875e-06,3.821708875e-06,3.821708875e-06,2.541098842e-21
2014-11-28,2014-10-31,18,0.03864691534,0.03778009936,0.0008668159893,0.03873771771,0.03925492218,-0.0004783522537,0.0004995493504,7.888850467e-06,0.0005074382009,0.01383778567,0.01576475203,0.006695141209,0.0006947839264,0.0002590302155,0.0005286063075,0.0001365654437,0,0.0001365654437,0.0001365654437,0.0001365654437,-2.710505431e-20
2014-12-31,2014-11-28,21,0.01450608114,0.01658306773,-0.002076986596,0.01536758393,0.01436540417,-0.01177519657,0.0004999840121,7.454184798e-06,0.0005074381969,-0.002462364371,-0.007625223781,0.02553245882,3.456670638e-05,0.0002588245979,0.0008448057597,9.723371318e-06,0,9.723371318e-06,9.723371318e-06,9.723371318e-06,-2.032879073e-20
2015-01-30,2014-12-31,20,0.05269810999,0.04842821835,0.004269891642,0.04965976184,0.05384700684,0.02476277493,0.0004991252488,8.312949488e-06,0.0005074381983,-0.01729990515,0.0506625271,0.01446630505,-0.000311167247,2.151226344e-05,0.0008889463414,6.891159335e-06,0,6.891159335e-06,6.891159335e-06,6.891159335e-06,2.541098842e-21
2015-02-27,2015-01-30,18,0.007829709038,0.01013211891,-0.002302409873,0.006579213009,0.007624621279,0.009184653961,0.0004985614176,8.876774518e-06,0.0005074381921,0.03680677605,-0.02036198945,-0.005907725572,-3.478693479e-05,-0.0003916796244,2.152443876e-05,0.0001203677818,0,0.0001203677818,0.0001203677818,0.0001203677818,-1.355252716e-20
2015-03-31,2015-02-27,21,-0.002857701332,-0.001911695193,-0.0009460061396,-0.002233113534,-0.003594846074,-0.006668301941,0.0005013340974,6.104109189e-06,0.0005074382066,-0.006366192805,0.006987951942,-0.003099338582,0.0001595922774,0.0001608008028,0.0002454911723,5.295431888e-05,0,5.295431888e-05,5.295431888e-05,5.295431888e-05,6.776263578e-21
2015-04-30,2015-03-31,20,-0.01372778253,-0.01636035829,0.002632575765,-0.0134126749,-0.01380757449,0.002207712016,0.000499782888,7.655310851e-06,0.0005074381988,-0.0002074097242,-0.01039147636,-0.005643691284,-0.0001144978666,1.824432317e-05,-2.152737844e-05,8.340483181e-05,0,8.340483181e-05,8.340483181e-05,8.340483181e-05,-2.710505431e-20
2015-05-29,2015-04-30,20,-0.007443975244,-0.008942430326,0.001498455082,-0.006829373959,-0.007934589981,-0.008750209779,0.0004994955624,7.942634472e-06,0.0005074381968,0.008629174233,-0.008977507581,-0.008522129729,7.738655092e-06,5.654002146e-05,-0.000136245925,4.162957871e-05,0,4.162957871e-05,4.162957871e-05,4.162957871e-05,-6.776263578e-21
2015-06-30,2015-05-29,22,-0.03603046933,-0.03479948551,-0.001230983824,-0.03475208639,-0.03564687387,-0.01738249028,0.0004985764179,8.861786504e-06,0.0005074382044,-0.01133281679,-0.01445031928,-0.009120229854,0.000101421511,-1.61710895e-05,1.862999051e-05,3.285875174e-05,0,3.285875174e-05,3.285875174e-05,3.285875174e-05,-6.776263578e-21
2015-07-31,2015-06-30,22,0.03096535758,0.02565644575,0.005308911837,0.03165958157,0.0311622697,-0.009200062787,0.0004978189752,9.619224753e-06,0.0005074382,0.01301508277,0.006840031392,0.0054320665,2.627213489e-05,0.0005179101664,-0.0001749172177,2.170131599e-05,0,2.170131599e-05,2.170131599e-05,2.170131599e-05,-2.032879073e-20
2015-08-31,2015-07-31,21,-0.04676127041,-0.04761231718,0.0008510467735,-0.0463375108,-0.04694145485,-0.02155058958,0.0004834324977,2.400572329e-05,0.0005074382209,-0.04577440068,-0.001254355971,0.0003782321067,-0.0002031594661,-0.0005660163339,-0.0001926168301,0.0002249955645,0,0.0002249955645,0.0002249955645,0.0002249955645,0
2015-09-30,2015-08-31,21,-0.007551527795,-0.01137410621,0.00382257842,-0.006437180036,-0.007821895552,-0.01390765386,0.000501598625,5.839578849e-06,0.0005074382038,-0.01689714109,0.009611342184,-0.004495387671,0.0002637635123,0.0001567731361,-1.345628697e-05,0.0004950013357,0,0.0004950013357,0.0004950013357,0.0004950013357,0
2015-10-30,2015-09-30,21,0.01915744048,0.01500474658,0.0041526939,0.01889740923,0.0191407761,0.02677129633,0.0005037586721,3.679520126e-06,0.0005074381922,0.02081957918,-0.01175140356,0.006159557448,-0.000188804444,-3.879952552e-06,-3.030209798e-05,0.0006416619254,0,0.0006416619254,0.0006416619254,0.0006416619254,2.168404345e-19
2015-11-30,2015-10-30,19,-0.005780689111,-0.01158374896,0.005803059848,-0.005764080159,-0.005855204167,-0.01273877913,0.0005014324703,6.005735859e-06,0.0005074382061,-2.340794044e-05,-0.01432746829,0.002876540903,7.126680195e-05,-5.483114541e-05,-0.0001258492891,0.0006914414963,0,0.0006914414963,0.0006914414963,0.0006914414963,-1.084202172e-19
2015-12-31,2015-11-30,22,-0.00930321386,-0.01357870493,0.00427549107,-0.008157489011,-0.009815828767,-0.0188928765,0.0005019821372,5.456067334e-06,0.0005074382045,-0.009685149688,-0.008871020958,0.004357935761,0.0003448598585,0.0001259387328,0.0001487313642,0.0005607053461,0,0.0005607053461,0.0005607053461,0.0005607053461,0
2016-01-29,2015-12-31,16,-0.00906240574,-0.01335226821,0.004289862467,-0.01018999098,-0.009391143812,-0.01857166013,0.0005009577597,6.480438769e-06,0.0005074381985,-0.04093741572,0.03383467084,-0.006941915745,6.238289739e-05,0.0003376823436,0.0002923271693,2.109557013e-05,0,2.109557013e-05,2.109557013e-05,2.109557013e-05,-3.388131789e-21
2016-02-29,2016-01-29,20,0.01383601927,0.01139468672,0.002441332545,0.01462720879,0.01377346756,0.0142786628,0.0005009414784,6.496720538e-06,0.000507438199,-0.0002830953963,0.009323930903,0.002376584812,-0.0001762795501,0.0001964900274,-4.294407562e-05,7.726879766e-05,0,7.726879766e-05,7.726879766e-05,7.726879766e-05,5.421010862e-20
2016-03-31,2016-02-29,22,0.000607843146,-0.00116885566,0.001776698806,0.0006473512305,0.0003334432,0.03523531499,0.0005023880517,5.050143881e-06,0.0005074381956,-5.282508213e-05,0.0008402271524,-0.001902673512,-5.52573564e-06,-3.846057908e-05,-9.597903471e-06,0.0003778479549,0,0.0003778479549,0.0003778479549,0.0003778479549,-5.421010862e-20
2016-04-29,2016-03-31,21,1.951601546e-05,-0.003717651785,0.003737167801,3.410169556e-05,-0.0001489115315,0.01843892923,0.0005021590595,5.279131967e-06,0.0005074381915,-5.42680135e-05,-0.00486240459,0.0006938559572,-0.0001231626395,0.0004212761893,0.0002070513108,5.560545592e-06,0,5.560545592e-06,5.560545592e-06,5.560545592e-06,-4.235164736e-21
2016-05-31,2016-04-29,21,0.005298898255,0.002408377266,0.002890520988,0.005511885824,0.0051662097,-0.00489803302,0.0005043660803,3.072125036e-06,0.0005074382054,0.003273828798,-0.007071833906,0.006242834782,2.320140061e-05,-0.0002475782433,0.000187924436,0.0001732123625,0,0.0001732123625,0.0001732123625,0.0001732123625,0
2016-06-30,2016-05-31,22,0.05954745847,0.04405490439,0.01549255407,0.05993937244,0.06077304796,0.03123892463,0.0004214533832,8.598481157e-05,0.0005074381948,-0.0003497728001,0.04222869031,-0.00137895203,-0.0009225490288,0.004042814329,0.0004346736185,0.0006804280993,0,0.0006804280993,0.0006804280993,0.0006804280993,1.084202172e-19
2016-07-29,2016-06-30,20,0.02985844944,0.02600462561,0.003853823832,0.03024041849,0.02998494126,0.01692414838,0.000500918019,6.520210582e-06,0.0005074382296,0.01536511189,0.002033430033,0.00950218157,2.154185135e-05,-0.0009733984344,5.575870125e-05,0.0009297867232,0,0.0009297867232,0.0009297867232,0.0009297867232,1.084202172e-19
2016-08-31,2016-07-29,23,-0.001996628148,-0.00300703315,0.001010405002,-0.001775022265,-0.002218604053,0.0004161935521,0.0005019166249,5.521586295e-06,0.0005074382112,0.001601727831,-0.01411154488,0.009143727989,0.0002727328248,0.0002128898107,-0.0001265667256,9.104391593e-05,0,9.104391593e-05,9.104391593e-05,9.104391593e-05,0
2016-09-30,2016-08-31,21,-0.005377740213,-0.004200928885,-0.001176811328,-0.005003784895,-0.005967723346,0.007619246276,0.0004665854859,4.085271802e-05,0.0005074382039,0.001331193555,-0.001096587452,-0.006344296776,-0.0001575995761,0.001962471398,0.0001038899662,0.0007713621403,0,0.0007713621403,0.0007713621403,0.0007713621403,-1.084202172e-19
2016-10-31,2016-09-30,20,-0.04199507409,-0.04287090291,0.0008758288199,-0.04209607526,-0.04135473379,-0.02430703799,0.0005010504915,6.387736052e-06,0.0005074382275,-0.01196410563,-0.02168916713,-0.008087282993,-0.0005719966805,0.0001079990121,-0.0006663494843,0.0001589584092,0,0.0001589584092,0.0001589584092,0.0001589584092,-2.710505431e-20
2016-11-30,2016-10-31,20,-0.01703313793,-0.02869487609,0.01166173816,-0.01897717455,-0.01739449111,-0.01518637522,0.0004945347949,1.290343985e-05,0.0005074382347,0.02169431741,-0.045363028,-0.002361468338,-0.002436083467,0.0004654779672,-0.0006940916666,0.0001243903378,0,0.0001243903378,0.0001243903378,0.0001243903378,-2.710505431e-20
2016-12-30,2016-11-30,21,0.01414551068,0.01664108406,-0.002495573385,0.01428508303,0.01409340135,0.00759002108,0.0005000492881,7.38899555e-06,0.0005074382836,0.007422477461,-0.001704374325,0.0002950894565,0.01097063577,0.0003039150299,-0.0006466593329,0.0002606453262,0,0.0002606453262,0.0002606453262,0.0002606453262,0
2017-01-31,2016-12-30,19,0.00216067689,0.007979646155,-0.005818969266,0.002317499278,0.002033641997,0.01434269598,0.0004723777105,3.506051384e-05,0.0005074382244,0.009726141329,3.857566667e-05,-0.0004392349557,0.0003956695102,-6.452938534e-05,-0.001676976009,0.0002782450093,0,0.0002782450093,0.0002782450093,0.0002782450093,-5.421010862e-20
2017-02-28,2017-01-31,19,0.01536595771,0.02343899205,-0.008073034341,0.01548276977,0.01540273579,0.01519998668,0.0004721719059,3.526629736e-05,0.0005074382032,0.02262919841,0.0004292002598,-0.0004008314708,0.0009449189538,-3.429219752e-05,-0.0001292019046,4.366793773e-05,0,4.366793773e-05,4.366793773e-05,4.366793773e-05,0
2017-03-31,2017-02-28,23,-0.0002218585247,0.000157607034,-0.0003794655588,-0.0001558382296,-0.0004858006682,0.0004974700437,0.0005031937731,4.244476572e-06,0.0005074382497,0.001357260382,-8.920368102e-05,2.896031882e-05,-0.001111671777,1.753676629e-05,-4.527497463e-05,0.0001095831569,0,0.0001095831569,0.0001095831569,0.0001095831569,-1.355252716e-20
2017-04-28,2017-03-31,19,0.009677632563,0.009878813281,-0.0002011807175,0.009713123941,0.009607201054,0.009792035974,0.0005010933984,6.344804907e-06,0.0005074382033,0.007983910468,0.0006696941191,7.599729629e-06,0.001086328603,0.0001289978557,2.282504969e-06,0.0001069855206,0,0.0001069855206,0.0001069855206,0.0001069855206,2.710505431e-20
2017-05-31,2017-04-28,22,0.01388991614,0.01061927981,0.003270636336,0.0139470585,0.01382743312,0.009647633317,0.0004985707977,8.867421962e-06,0.0005074382197,0.008545303713,0.0008829052049,0.0002689029275,0.0005286615763,0.0001032997876,0.0002902065975,4.626753661e-05,0,4.626753661e-05,4.626753661e-05,4.626753661e-05,0
2017-06-30,2017-05-31,22,0.006358222745,0.006769418089,-0.000411195344,0.006383159486,0.006189847045,0.001515202064,0.0004980260624,9.412177257e-06,0.0005074382396,0.006643366895,-0.0007339320943,0.0004298460035,-5.736668764e-05,0.0003153305569,0.0001721734154,1.037733005e-05,0,1.037733005e-05,1.037733005e-05,1.037733005e-05,5.082197684e-21
2017-07-31,2017-06-30,20,0.01995426327,0.0172564437,0.00269781957,0.0199719111,0.02003563832,0.0154171888,0.0004960578131,1.138042095e-05,0.0005074382341,0.01652001911,0.0001234946119,-0.0007152373996,1.809189808e-06,-7.1835483e-05,0.001398193671,3.667009532e-05,0,3.667009532e-05,3.667009532e-05,3.667009532e-05,0
2017-08-31,2017-07-31,23,0.005863762712,0.005582232818,0.000281529894,0.005887745344,0.005551942609,0.01314031846,0.0004910768494,1.636136752e-05,0.0005074382169,0.001862788868,0.002595682676,0.0004362775496,-2.145543986e-05,-5.952703079e-06,0.0007148918684,3.02155946e-05,0,3.02155946e-05,3.02155946e-05,3.02155946e-05,0
2017-09-29,2017-08-31,20,0.01076174448,0.01356728841,-0.002805543928,0.01086592027,0.01070161049,0.001846204414,0.0004592734336,4.816476824e-05,0.0005074382019,0.02145513154,-0.007580931298,0.001485718987,-0.0005138875918,0.000863047109,-0.002141790338,0.000112910155,0,0.000112910155,0.000112910155,0.000112910155,-1.355252716e-20
2017-10-31,2017-09-29,21,0.0241735957,0.01451431951,0.009659276192,0.02431115536,0.02428407603,0.008362622912,0.0004294788283,7.795940917e-05,0.0005074382375,0.02156633305,-0.003539663152,0.003657629032,-0.002478166188,0.0001354037312,-0.004827216967,0.0001421759298,0,0.0001421759298,0.0001421759298,0.0001421759298,0
2017-11-30,2017-10-31,20,0.02672366084,0.03361500197,-0.006891341129,0.02689229384,0.02686927388,0.01107620806,0.0004603066399,4.713159387e-05,0.0005074382338,0.03042167475,-0.0006212309752,0.004311123855,-0.0021515468,-0.0001105845576,0.001765565697,0.0001773329331,0,0.0001773329331,0.0001773329331,0.0001773329331,2.710505431e-20
2017-12-29,2017-11-30,20,0.01816134752,0.01344045912,0.004720888398,0.01823569225,0.01820204169,0.01363437174,0.0004746119191,3.282630847e-05,0.0005074382276,0.01009787574,-0.0001110039845,0.00230986784,-0.0002155154097,0.0005739541055,0.0007852808293,0.0001187010661,0,0.0001187010661,0.0001187010661,0.0001187010661,-2.710505431e-20
2018-01-31,2017-12-29,21,0.05831566598,0.05177662272,0.006539043261,0.05830269426,0.0595914426,0.01075121903,0.0004737353608,3.37028522e-05,0.000507438213,0.05368472932,-0.00254334944,0.0002699706077,-0.004351613254,-0.0003298344433,0.005046719932,1.592343132e-05,0,1.592343132e-05,1.592343132e-05,1.592343132e-05,6.776263578e-21
2018-02-28,2018-01-31,19,-0.04277141466,-0.04004991895,-0.002721495709,-0.04240255349,-0.04430674439,-0.0288958469,0.0004809108606,2.652735129e-05,0.0005074382119,-0.03137042904,-0.004909205957,-0.001157179054,0.0004359373174,-0.0001832169781,-0.00286582524,1.911846704e-05,0,1.911846704e-05,1.911846704e-05,1.911846704e-05,3.388131789e-21
2018-03-29,2018-02-28,19,-0.008156323283,-0.0003197922526,-0.00783653103,-0.008185293177,-0.00858085151,0.002084203856,0.0004953222076,1.21159958e-05,0.0005074382033,-0.01647955084,0.009857649389,0.005098797248,6.340169624e-06,-0.0007701428106,0.001967114592,0.0003769986469,0,0.0003769986469,0.0003769986469,0.0003769986469,5.421010862e-20
2018-04-30,2018-03-29,21,0.001731043139,-0.0003668434253,0.002097886565,0.002092449481,0.001371685682,-0.005253280663,0.0004997118298,7.726391513e-06,0.0005074382213,0.001685211102,-0.006986306305,0.002492272572,-3.505213868e-06,0.007914744225,-0.005469259805,0.0001578212833,0,0.0001578212833,0.0001578212833,0.0001578212833,0
2018-05-31,2018-04-30,22,0.02318476539,0.02066426959,0.0025204958,0.02347683314,0.02321773018,0.007271470814,0.0004989129626,8.52524534e-06,0.000507438208,0.01187821894,0.006066858446,-8.425268601e-05,7.837667654e-05,0.01470349269,-0.01197842448,0.0004622800647,0,0.0004622800647,0.0004622800647,0.0004622800647,-5.421010862e-20
2018-06-29,2018-05-31,21,-0.001782116179,-0.00289057623,0.001108460051,-0.001376416568,-0.001939807453,-0.008372851151,0.0004662675781,4.117067921e-05,0.0005074382573,0.001797478865,-0.001540639518,0.003397259598,0.0001640847125,-0.001409425188,-0.0052993347,0.0004135286674,0,0.0004135286674,0.0004135286674,0.0004135286674,5.421010862e-20
2018-07-31,2018-06-29,21,-0.009177622154,-0.0008473614794,-0.008330260674,-0.008861056577,-0.009465333653,0.001489026356,0.0004598219676,4.761624042e-05,0.000507438208,0.01393479231,-0.00718342984,0.0007184222841,-8.901583521e-05,-0.01003434127,0.001806210869,1.44287157e-05,0,1.44287157e-05,1.44287157e-05,1.44287157e-05,6.776263578e-21
2018-08-31,2018-07-31,23,0.0260009197,0.02409944826,0.001901471434,0.02616543101,0.02609537755,0.001995834019,0.0004292785373,7.815967366e-05,0.0005074382109,0.01709619426,0.004761181526,-0.0007718126002,0.0004350330257,0.006187710972,-0.003608858924,6.515758559e-05,0,6.515758559e-05,6.515758559e-05,6.515758559e-05,4.065758147e-20
2018-09-28,2018-08-31,19,-0.01713845407,-0.004200940346,-0.01293751373,-0.01720880913,-0.01708708661,-0.006972245823,0.0004347264817,7.271173041e-05,0.0005074382121,0.0004804291511,-0.00917284026,0.0009394823952,-2.126288628e-05,0.003106258649,0.0004669926058,0.0001725795125,0,0.0001725795125,0.0001725795125,0.0001725795125,0
2018-10-31,2018-09-28,22,-0.0907364465,-0.06800563611,-0.02273081039,-0.09003369839,-0.08799201138,-0.03972962632,0.0004460294564,6.14087733e-05,0.0005074382297,-0.0534979174,-0.006790743005,-0.004676773199,-0.0001967066757,-0.001534649558,-0.001308846274,6.305159827e-05,0,6.305159827e-05,6.305159827e-05,6.305159827e-05,1.355252716e-20
2018-11-30,2018-10-31,20,-0.00301300458,-0.002420154747,-0.0005928498332,-0.003917493207,-0.003423045296,0.008655982542,0.0005029846289,4.453577022e-06,0.0005074382059,0.01821841894,0.001306500165,-8.529704083e-05,-0.0004748879144,-0.02172943719,0.0003445482958,0.0006026544913,0,0.0006026544913,0.0006026544913,0.0006026544913,0
2018-12-31,2018-11-30,19,-0.04582249651,-0.04706697721,0.001244480693,-0.04583824468,-0.0455639263,-0.0137310046,0.0005032026359,4.235568679e-06,0.0005074382045,-0.04059328405,0.00168184988,0.0003635260885,0.0001734000734,-0.0109144094,0.002221940199,6.099529165e-05,0,6.099529165e-05,6.099529165e-05,6.099529165e-05,1.355252716e-20
2019-01-31,2018-12-31,20,0.03721772462,0.03977676732,-0.0025590427,0.03677521616,0.03763259066,0.04811684119,0.0005031498749,4.288319708e-06,0.0005074381947,0.03816467573,0.0004691823186,2.924084153e-05,0.0005889987522,0.0004522587222,7.241095189e-05,0.0006760567363,0,0.0006760567363,0.0006760567363,0.0006760567363,-1.084202172e-19
2019-02-28,2019-01-31,18,-0.01038997762,-0.01014522157,-0.0002447560502,-0.01038291848,-0.01042348619,0.003624511692,0.0002747765603,4.035844715e-06,0.000278812405,0.0003117287397,-0.01055260252,-1.580785168e-05,-3.775404977e-05,-1.817110827e-05,0.0001673852105,0.0006812428348,0,0.0006812428348,0.0006812428348,0.0006812428348,1.084202172e-19
2019-03-29,2019-02-28,21,0.03174051248,0.03212487416,-0.0003843616787,0.03174037084,0.03213692845,0.01419008156,0.0002334189527,3.946054767e-06,0.0002373650075,9.428108304e-05,0.03203467255,-0.000357311164,0.0001175723692,-5.672065361e-06,0.0002413313783,3.043073231e-07,0,3.043073231e-07,3.043073231e-07,3.043073231e-07,-2.964615315e-21
2019-04-30,2019-03-29,21,0.01479079663,0.01506272079,-0.000271924159,0.01460786704,0.01484166324,0.005827557041,0.0004979795628,9.458671725e-06,0.0005074382345,0.01910259093,-0.003679545231,-0.0003477442992,-2.812465416e-06,0.0002133729628,-0.0002231411105,0.0005865745572,0,0.0005865745572,0.0005865745572,0.0005865745572,-1.084202172e-19
2019-05-31,2019-04-30,22,0.02075369164,0.01886462207,0.001889069572,0.01853651611,0.0208422931,-0.010671824,0.0005033563416,4.081871499e-06,0.0005074382131,-0.02666307889,0.0466124469,-0.0006405697191,-7.778810803e-06,-0.0003816339776,-5.476343546e-05,0.000166870258,0,0.000166870258,0.000166870258,0.000166870258,5.421010862e-20
2019-06-28,2019-05-31,20,0.04236724196,0.04093680946,0.001430432501,0.04233092582,0.04307229097,0.03593930218,0.0005016671009,5.771137676e-06,0.0005074382386,0.03608523757,0.009993807794,-0.005623764948,0.0001638504344,3.759989308e-05,0.0002800787223,0.0001195282627,0,0.0001195282627,0.0001195282627,0.0001195282627,0
2019-07-31,2019-06-28,22,0.002708628218,0.001231325153,0.001477303065,0.002947348555,0.002473409955,-0.004183633676,0.0005049070386,2.531159284e-06,0.0005074381979,0.002190072471,-0.007370998855,0.006656210415,-0.0001516749252,-5.764446873e-06,-8.651950552e-05,0.00027183859,0,0.00027183859,0.00027183859,0.00027183859,-1.084202172e-19
2019-08-30,2019-07-31,22,0.0745449506,0.06781455383,0.006730396767,0.07251393296,0.07693546374,0.0186670975,0.0004998390644,7.599168256e-06,0.0005074382327,-0.009171270757,0.06604859485,0.01016455643,0.001322275954,-4.218614901e-05,-0.0005074164947,0.0002536983161,0,0.0002536983161,0.0002536983161,0.0002536983161,5.421010862e-20
2019-09-30,2019-08-30,20,-0.01236423722,-0.01448880636,0.002124569144,-0.01210608878,-0.01258614039,-0.003842567135,0.0005004443494,6.993852889e-06,0.0005074382023,0.004667467803,-0.01863845485,-0.0003096707023,-0.000287477676,2.935860491e-05,4.997045913e-05,9.980317578e-05,0,9.980317578e-05,9.980317578e-05,9.980317578e-05,-1.355252716e-20
2019-10-31,2019-09-30,22,0.002891493109,0.00345946161,-0.0005679685014,0.003188092179,0.002719582451,0.01185597873,0.0005024240335,5.014173595e-06,0.0005074382071,0.006836654049,0.002322404319,-0.005335727496,-0.001101020808,3.406311573e-06,0.0007337452339,7.229184394e-05,0,7.229184394e-05,7.229184394e-05,7.229184394e-05,-1.355252716e-20
2019-11-29,2019-10-31,19,0.001735204734,0.001072172083,0.000663032651,0.001766177684,0.001540136004,0.003572506302,0.0004965147064,1.092348721e-05,0.0005074381936,0.009640042554,-0.009388812821,0.003460068372,-0.001543849631,0.0001701449642,-0.001265421355,7.514927052e-05,0,7.514927052e-05,7.514927052e-05,7.514927052e-05,0
2019-12-31,2019-11-29,20,0.007698721928,0.003123818033,0.004574903895,0.007547725045,0.007608035351,0.01265273049,0.0004778590981,2.957912239e-05,0.0005074382205,0.0129424691,-0.01155432864,-0.00398008635,0.0008899386245,0.0001150322761,0.00471079303,0.000173992648,0,0.000173992648,0.000173992648,0.000173992648,0
2020-01-31,2019-12-31,21,0.03202270268,0.0352436356,-0.00322093292,0.03150093592,0.03238029118,0.004215427994,0.0005014744085,5.963803519e-06,0.000507438212,-0.0001373888134,0.03566002547,0.0003580483157,-0.0006504898928,0.000356370984,-0.000342930458,9.621700379e-05,0,9.621700379e-05,9.621700379e-05,9.621700379e-05,-5.421010862e-20
2020-02-28,2020-01-31,19,-0.04289929016,-0.03130494724,-0.01159434291,-0.04367069299,-0.04288797959,-0.01465525751,0.0004820097196,2.54284908e-05,0.0005074382104,-0.05162087656,0.02643171832,-0.002832131628,0.0003062142606,-0.0007174062272,-0.002872465414,0.0002737776958,0,0.0002737776958,0.0002737776958,0.0002737776958,5.421010862e-20
2020-03-31,2020-02-28,22,-0.03845722924,-0.01735029961,-0.02110692963,-0.02961904897,-0.04378072687,-0.06596227654,0.0004113421857,9.609602023e-05,0.0005074382059,-0.03249668907,0.03419047507,-0.01310609444,0.02234813984,-0.01186045131,-0.0164256797,0.0001386109138,0,0.0001386109138,0.0001386109138,0.0001386109138,2.710505431e-20
2020-04-30,2020-03-31,21,0.02680863018,0.02371206033,0.003096569848,0.02719846527,0.02697253152,0.04668274832,0.0005028281279,4.610069251e-06,0.0005074381972,0.01904734765,0.004683263716,9.078953441e-05,6.117746428e-05,-0.0001656121993,-4.905837254e-06,0.002612230231,0,0.002612230231,0.002612230231,0.002612230231,0
2020-05-29,2020-04-30,20,-3.537896254e-05,-0.001385196006,0.001349817043,0.0001062387294,-0.0001250708585,0.02550552907,0.0005061084275,1.329767106e-06,0.0005074381946,0.00129039321,-0.0006607030574,-0.002315403495,4.407834573e-05,0.0002334314718,2.300751964e-05,0.001509942714,0,0.001509942714,0.001509942714,0.001509942714,0
2020-06-30,2020-05-29,22,0.005730250126,0.001782708211,0.003947541915,0.006074338386,0.005632567481,0.02037715662,0.0004817498066,2.56883987e-05,0.0005074382053,0.001113175397,0.0006778413109,-0.0003990276442,-0.0004593389948,0.0009425044244,-9.244628209e-05,0.0001142822114,0,0.0001142822114,0.0001142822114,0.0001142822114,-5.421010862e-20
2020-07-31,2020-06-30,22,0.03696764059,0.01867655715,0.01829108344,0.036335536,0.03757656519,0.04322176321,0.0004304393589,7.699884593e-05,0.0005074382048,0.003800706012,0.01064809404,0.003236957878,0.0009144143143,0.0003418442768,-0.000265459374,0.00020337518,0,0.00020337518,0.00020337518,0.00020337518,0
2020-08-31,2020-07-31,21,-0.006254026832,-0.008740968266,0.002486941434,-0.005934803979,-0.006613863058,0.01032922928,0.0004170094463,9.042875793e-05,0.0005074382042,0.006911004717,-0.01217124297,-0.005002851411,-0.0005777701634,0.001354879832,0.0007450117324,7.246785891e-05,0,7.246785891e-05,7.246785891e-05,7.246785891e-05,0
2020-09-30,2020-08-31,21,-0.01136225846,-0.004212055937,-0.007150202526,-0.01118718967,-0.01139317556,-0.01416222048,0.0003960198619,0.0001114183662,0.0005074382281,-0.00380799628,0.00189642289,0.0004370176742,8.919346754e-05,-0.00168202768,-0.001144666009,3.949869513e-05,0,3.949869513e-05,3.949869513e-05,3.949869513e-05,0
2020-10-30,2020-09-30,21,-0.01527432278,-0.01903882615,0.003764503362,-0.01500580111,-0.01526572269,-0.01397251662,0.000382563516,0.0001248746885,0.0005074382044,-0.005276786298,-0.01091971329,-0.001623798844,0.0001421343598,-0.00287389377,0.001513231696,9.955763129e-05,0,9.955763129e-05,9.955763129e-05,9.955763129e-05,0
2020-11-30,2020-10-30,18,-0.001424607043,0.0271358943,-0.02856050134,-0.001674834337,-0.001778447637,0.04791318458,0.0003664952231,0.000140942976,0.0005074381992,0.01295045566,0.0006646801074,0.0006172123299,-1.063660614e-05,0.004731421392,0.008182761415,5.389623056e-05,0,5.389623056e-05,5.389623056e-05,5.389623056e-05,2.710505431e-20
2020-12-31,2020-11-30,21,0.02037608924,0.005849596914,0.01452649232,0.02011162313,0.02047999711,0.02730857968,0.000355106431,0.0001523317757,0.0005074382067,0.005209411917,-0.004006990777,-0.00264460417,-5.577131412e-05,0.00127017283,0.006077378428,3.405334363e-05,0,3.405334363e-05,3.405334363e-05,3.405334363e-05,1.355252716e-20
2021-01-29,2020-12-31,18,-0.01446275409,-0.01486094285,0.0003981887617,-0.01421805609,-0.01449427709,-0.008158267107,0.0004903198788,1.711833593e-05,0.0005074382147,-0.003989795631,-0.009128893825,-0.001953556281,-2.01312087e-06,0.0009163361441,-0.0007030201338,0.0003436610229,0,0.0003436610229,0.0003436610229,0.0003436610229,-5.421010862e-20
2021-02-26,2021-01-29,19,-0.01491333038,-0.005048755714,-0.009864574662,-0.01517049888,-0.01513515533,-0.002848194278,0.0004344361152,7.300208731e-05,0.0005074382025,0.007472581868,-0.01626235037,-0.0004546409416,-0.0005165643875,0.006781270155,-0.002069052041,0.0007541400929,0,0.0007541400929,0.0007541400929,0.0007541400929,0
2021-03-31,2021-02-26,23,-0.003831142721,-0.002872073467,-0.0009590692537,-0.003015602843,-0.004291249356,-0.00463668137,0.0004062657841,0.0001011724338,0.000507438218,0.009007199968,-0.01225789901,0.001619778553,4.687196487e-05,0.0004276067519,-0.001715631698,0.000133468174,0,0.000133468174,0.000133468174,0.000133468174,2.710505431e-20
2021-04-30,2021-03-31,20,0.01581174824,0.02301048189,-0.007198733645,0.01586417396,0.01580986544,0.02350488576,0.0004262987683,8.113944068e-05,0.0005074382089,0.01105651257,0.004153693504,-0.0006788429428,9.439982612e-05,0.005841032529,0.002543686397,0.000280394234,0,0.000280394234,0.000280394234,0.000280394234,0
2021-05-28,2021-04-30,20,0.006835055003,0.00601794498,0.000817110023,0.007196917897,0.006707112969,0.0172488073,0.0004627276685,4.471053279e-05,0.0005074382013,0.001022301295,0.00101657045,-1.845163659e-05,3.56566974e-06,0.00205578824,0.001938170963,0.00022665871,0,0.00022665871,0.00022665871,0.00022665871,-2.710505431e-20
2021-06-30,2021-05-28,22,0.01298868866,0.01398019499,-0.0009915063289,0.01308913653,0.01296093993,0.009016761841,0.0004934774273,1.396078065e-05,0.000507438208,0.008717819318,0.001056554583,-0.001319763563,0.0001734025646,0.00982214024,-0.004469958154,0.000250253804,0,0.000250253804,0.000250253804,0.000250253804,0
2021-07-30,2021-06-30,21,0.01898934383,0.01234728904,0.006642054791,0.01938975341,0.01894129719,0.007983593293,0.0004941345875,1.330363434e-05,0.0005074382218,0.003850203637,0.005643190084,-0.0002705876784,-0.0001185808068,0.003693893381,-0.0004508295806,0.0001964934134,0,0.0001964934134,0.0001964934134,0.0001964934134,0
2021-08-31,2021-07-30,22,0.001888475629,0.002298870151,-0.0004103945224,0.002184777541,0.001638240748,0.003646378422,0.0004953009795,1.213723378e-05,0.0005074382133,0.008493895474,-0.00172673913,-1.978326133e-06,-0.0001206853172,-0.002648973487,-0.001696649062,2.827334963e-05,0,2.827334963e-05,2.827334963e-05,2.827334963e-05,2.032879073e-20
2021-09-30,2021-08-31,21,-0.01297175263,-0.01093231374,-0.002039438898,-0.01329413755,-0.01309421594,-0.01830986651,0.0004882901367,1.914806554e-05,0.0005074382022,-0.01372562269,-0.01035772524,5.284301799e-05,-2.579387269e-05,0.01880710653,-0.005683121479,4.380585164e-05,0,4.380585164e-05,4.380585164e-05,4.380585164e-05,-3.388131789e-20
2021-10-29,2021-09-30,20,0.04702919208,0.03540401008,0.01162518201,0.04702989758,0.0479555738,0.02301692122,0.0004863853327,2.105286985e-05,0.0005074382025,0.0286729308,-0.003735511279,0.000445225882,0.0002423730443,0.008438756891,0.001340234739,0.0001150994225,0,0.0001150994225,0.0001150994225,0.0001150994225,1.355252716e-20
2021-11-30,2021-10-29,20,-0.02827389613,-0.03259353225,0.004319636113,-0.0284954269,-0.02829445781,-0.01582208576,0.0005009410957,6.497103931e-06,0.0005074381996,-0.00456899107,0.001379259342,0.000276048489,7.324745799e-05,-0.02097695865,-0.008776137818,0.0002835303736,0,0.0002835303736,0.0002835303736,0.0002835303736,0
2021-12-30,2021-11-30,21,0.02854139877,0.02393106225,0.004610336521,0.02839832066,0.02859149373,0.01523986844,0.0004986958001,8.742401218e-06,0.0005074382013,0.01117766226,-0.006450987028,0.0008909627936,-3.866192611e-05,0.01514354266,0.003208543492,5.479882869e-05,0,5.479882869e-05,5.479882869e-05,5.479882869e-05,4.743384505e-20
2022-01-31,2021-12-30,20,-0.02702342409,-0.02588321648,-0.001140207612,-0.02729293746,-0.02697208492,-0.02513603675,0.0004950402576,1.239794109e-05,0.0005074381987,-0.02543916814,-0.02146862955,0.008511788933,4.446543016e-05,0.01319939517,-0.0007310683232,0.0002142571796,0,0.0002142571796,0.0002142571796,0.0002142571796,5.421010862e-20
2022-02-28,2022-01-31,19,-0.002646260156,0.000646249169,-0.003292509325,-0.002415871156,-0.002897506813,-0.002620561661,0.0004986086371,8.829592514e-06,0.0005074382296,-0.007490689095,-0.006179824237,0.002012810507,-4.240488814e-06,0.01164289805,0.0006652944382,7.256752388e-05,0,7.256752388e-05,7.256752388e-05,7.256752388e-05,-2.710505431e-20
2022-03-31,2022-02-28,23,0.03117328926,0.03020565904,0.0009676302187,0.0326661122,0.02959152904,-0.007703924654,0.0005067644238,6.737741625e-07,0.000507438198,0.002324820028,-0.01630482786,0.005458521521,-0.0007391146036,0.039440446,2.58139594e-05,0.001122993411,0,0.001122993411,0.001122993411,0.001122993411,2.168404345e-19
2022-04-29,2022-03-31,20,0.003785155852,0.002553378956,0.001231776897,0.003550741074,0.003588450436,-0.05099990199,0.0005066501411,7.880707506e-07,0.0005074382118,-0.006455473664,-0.005530981793,9.654778123e-05,-1.410882244e-05,0.02913680619,-0.01467941073,0.0004688094278,0,0.0004688094278,0.0004688094278,0.0004688094278,-1.084202172e-19
2022-05-31,2022-04-29,21,0.01600662852,0.01403748457,0.001969143948,0.01670996245,0.01579271162,0.0006968949903,0.0005062047694,1.23343972e-06,0.0005074382092,-0.0002922843909,0.0002481209057,0.00268809504,-5.644697391e-05,0.007094309598,0.004355690389,9.193098364e-05,0,9.193098364e-05,9.193098364e-05,9.193098364e-05,-1.355252716e-20
2022-06-30,2022-05-31,21,-0.02659335158,-0.02755585122,0.0009624996471,-0.02660134138,-0.02646496567,-0.04326257883,0.0005068368221,6.013742656e-07,0.0005074381964,-4.762830071e-05,-0.001872820239,-0.003110593378,-0.0001901326749,-0.01133292757,-0.01100174906,0.0001150469983,0,0.0001150469983,0.0001150469983,0.0001150469983,-2.710505431e-20
2022-07-29,2022-06-30,20,-0.002340801284,-0.001335072348,-0.001005728936,-0.00123321568,-0.002731565661,0.03181072984,0.000506806669,6.315357907e-07,0.0005074382048,6.258196388e-06,0.002098864366,0.001663640712,0.0001054730489,-0.002228461965,-0.002980846706,1.940635784e-06,0,1.940635784e-06,1.940635784e-06,1.940635784e-06,1.482307658e-20
2022-08-31,2022-07-29,23,-0.01220037591,-0.01322034308,0.001019967174,-0.01178874908,-0.01231095242,-0.03690971842,0.0005065965953,8.416180596e-07,0.0005074382133,-1.061978685e-05,-0.005183734339,-0.003138330478,-0.0001013197792,0.001419076161,-0.006205414857,7.410470641e-06,0,7.410470641e-06,7.410470641e-06,7.410470641e-06,-1.016439537e-20
2022-09-30,2022-08-31,21,-0.03214804947,-0.03178784975,-0.0003601997149,-0.03194315965,-0.03194191112,-0.07223622661,0.0005065300762,9.081289584e-07,0.0005074382051,0.0001065422759,-0.007332255957,-0.003329928063,3.212261299e-07,-0.00755183822,-0.01368069101,3.479479029e-06,0,3.479479029e-06,3.479479029e-06,3.479479029e-06,-1.312901068e-20
2022-10-31,2022-09-30,20,0.01565138244,0.01632562739,-0.0006742449482,0.01556615166,0.01560002743,0.01497137686,0.0005064685962,9.696071904e-07,0.0005074382034,-6.396434321e-05,-0.002994868646,0.001434688785,6.187106006e-06,0.01863195946,-0.0006883749749,1.598649923e-05,0,1.598649923e-05,1.598649923e-05,1.598649923e-05,5.759824041e-20
2022-11-30,2022-10-31,20,0.001759712506,0.001046755404,0.0007129571015,0.00215919296,0.001514230799,0.0554897673,0.0005061970292,1.241180897e-06,0.0005074382101,-0.0001443418976,0.004417848753,-0.001483417895,6.882376819e-05,-0.01639524503,0.01458308771,7.826534076e-06,0,7.826534076e-06,7.826534076e-06,7.826534076e-06,1.524659305e-20
2022-12-30,2022-11-30,21,-0.01094698979,-0.01077156208,-0.0001754277151,-0.01073429654,-0.01101532151,-0.02357538341,0.0005060072147,1.43099325e-06,0.0005074382079,0.0001253864777,-0.00153310118,-0.0003593302517,2.734601003e-05,-0.01616540937,0.007133546237,8.147445496e-06,0,8.147445496e-06,8.147445496e-06,8.147445496e-06,-3.726944968e-20
2023-01-31,2022-12-30,20,0.003951840621,0.005484883054,-0.001533042433,0.004227242001,0.003834306262,0.04974381513,0.0005061032591,1.334945421e-06,0.0005074382045,-0.0001153972928,0.003721751966,0.0001789025321,6.819869002e-06,-0.007291009792,0.008983815772,5.074004565e-05,0,5.074004565e-05,5.074004565e-05,5.074004565e-05,6.776263578e-21
2023-02-28,2023-01-31,19,-0.02528700322,-0.02361950887,-0.001667494352,-0.02521029438,-0.02509830112,-0.04114478855,0.0005050566632,2.381532591e-06,0.0005074381957,5.286899474e-06,-0.005706770312,-0.002151789722,-2.033554969e-05,-0.006343508049,-0.009402392139,1.958624985e-05,0,1.958624985e-05,1.958624985e-05,1.958624985e-05,7.115076757e-20
2023-03-31,2023-02-28,23,0.03032640255,0.01957809085,0.0107483117,0.03048691677,0.03038635987,0.02406983899,0.0004335138588,7.392437404e-05,0.0005074382328,0.001072113708,0.009717134099,0.005343355,1.741352752e-05,-0.006183291213,0.009611365728,0.0007809885289,0,0.0007809885289,0.0007809885289,0.0007809885289,0
2023-04-28,2023-03-31,18,0.006354280675,0.004200179948,0.002154100727,0.006504589346,0.006261575498,0.003719948269,0.0004527109011,5.472729963e-05,0.0005074382007,0.0003334975322,0.003257293578,0.001257786461,-0.0001106320065,-0.003757896384,0.003220130767,0.0001008372323,0,0.0001008372323,0.0001008372323,0.0001008372323,-4.065758147e-20
2023-05-31,2023-04-28,22,-0.01624974437,-0.02097909772,0.004729353353,-0.01607608729,-0.01630817284,-0.02358276188,0.0003766254471,0.0001308128039,0.000507438251,0.0002004476074,-0.005933110707,-0.003092188814,-5.816189501e-05,-0.003686839966,-0.008409243949,0.0005616446395,0,0.0005616446395,0.0005616446395,0.0005616446395,0
2023-06-30,2023-05-31,21,-0.005177534938,0.003621820334,-0.008799355272,-0.005278575112,-0.005334784697,0.01224452006,0.0003928367435,0.0001146014887,0.0005074382322,0.007079610738,-0.005665309517,-0.005725020591,-0.0007259038167,0.0004734465781,0.008184996941,4.581177415e-05,0,4.581177415e-05,4.581177415e-05,4.581177415e-05,-1.355252716e-20
2023-07-31,2023-06-30,20,0.01395974862,0.01349762392,0.0004621247065,0.01398176858,0.01389535634,0.01546710146,0.0003860317696,0.000121406459,0.0005074382286,0.005812765739,-0.002218465836,0.0019745102,-8.879135559e-05,0.002741543342,0.005276061826,0.0001891758047,0,0.0001891758047,0.0001891758047,0.0001891758047,-2.710505431e-20
2023-08-31,2023-07-31,23,-0.012475819,-0.01334068717,0.0008648681734,-0.01235777775,-0.01257861302,-0.02322141763,0.0004801866183,2.725161966e-05,0.000507438238,-0.009621214019,-0.001113904552,0.0005745070074,-0.0001915843289,0.0003938954995,-0.003382386779,0.000346964898,0,0.000346964898,0.000346964898,0.000346964898,0
2023-09-29,2023-08-31,20,-0.03452559108,-0.03037262034,-0.00415297074,-0.03464227892,-0.03407743989,-0.04462293139,0.0004894171418,1.80210754e-05,0.0005074382172,-0.02371156462,-0.006918415138,0.00234887763,-0.0002529088889,0.0005098153454,-0.002348424665,4.910956668e-05,0,4.910956668e-05,4.910956668e-05,4.910956668e-05,0
2023-10-31,2023-09-29,21,-0.009182804352,-0.02065158761,0.01146878326,-0.009196301381,-0.00930407476,-0.02707798161,0.000493813432,1.362476927e-05,0.0005074382013,-0.01741713644,-0.00259290917,0.0007361964911,0.0002630704585,-0.0003464248581,-0.001294384089,1.514773124e-05,0,1.514773124e-05,1.514773124e-05,1.514773124e-05,0
2023-11-30,2023-10-31,20,0.03426572298,0.03377181745,0.0004939055372,0.03384551273,0.03467276713,0.04970931743,0.000503179072,4.259121027e-06,0.0005074381931,0.0333228156,0.003626679096,-1.579024378e-05,-0.0002279922905,-0.006110811513,0.003176916802,0.0001850966271,0,0.0001850966271,0.0001850966271,0.0001850966271,2.710505431e-20
2023-12-29,2023-11-30,20,0.006725187136,0.007921735996,-0.00119654886,0.006890539284,0.006288593795,0.04044078407,0.0002537553311,0.0002536828877,0.0005074382188,-0.005392662369,0.01570067917,0.001230016222,-0.0002628115644,-0.01156378033,0.00821029487,0.0003784982239,0,0.0003784982239,0.0003784982239,0.0003784982239,-5.421010862e-20
2024-01-31,2023-12-29,21,-0.004539163753,0.001298015082,-0.005837178835,-0.00447205892,-0.004697839006,-0.01457156415,0.0003684474643,0.0001389907541,0.0005074382184,0.002200753048,-0.002287264903,0.002494701651,-7.846642777e-05,0.003582872901,-0.004614581186,0.000145850631,0,0.000145850631,0.000145850631,0.000145850631,0
2024-02-29,2024-01-31,20,0.02050186178,0.01384239187,0.006659469902,0.0203432939,0.02049987202,0.002795976245,0.0004573513859,5.00868381e-05,0.000507438224,0.02243261152,-0.004040284701,-0.003297232761,0.000121209637,-0.0005491296553,-0.0008247821694,5.847288237e-05,0,5.847288237e-05,5.847288237e-05,5.847288237e-05,-6.776263578e-21
2024-03-28,2024-02-29,20,0.02542084291,0.01627715746,0.00914368545,0.02528318197,0.02558527211,0.02064588074,0.0004934521253,1.398608036e-05,0.0005074382056,0.01530411907,0.0003864828328,-2.763249416e-05,-1.416953364e-05,0.0006076692559,2.068833746e-05,0.0002108778384,0,0.0002108778384,0.0002108778384,0.0002108778384,-5.421010862e-20
2024-04-30,2024-03-28,22,-0.03128072393,-0.03012668498,-0.001154038948,-0.03126573503,-0.03110214909,-0.03033039355,0.0005002591658,7.179037547e-06,0.0005074382033,-0.02795239852,-0.00221326789,-0.0003509220682,4.961347912e-05,-0.0002683184959,0.000608608508,6.986938734e-05,0,6.986938734e-05,6.986938734e-05,6.986938734e-05,-2.710505431e-20
2024-05-31,2024-04-30,22,0.02761600336,0.02502553146,0.002590471901,0.0276267156,0.02774018245,0.01811342178,0.000459644615,4.779363927e-05,0.0005074382543,0.02196500945,0.00141899673,0.0009797739997,0.0004880199756,-0.0009577439629,0.001131475268,0.0003252784391,0,0.0003252784391,0.0003252784391,0.0003252784391,5.421010862e-20
2024-06-28,2024-05-31,19,0.01273618599,0.01355630282,-0.0008201168297,0.01290148861,0.01260326491,0.006989891188,0.0003920142854,0.0001154239158,0.0005074382012,0.0119278291,0.002781028013,-1.162881703e-06,0.001736405302,0.002281974599,-0.005169771317,0.0002135874972,0,0.0002135874972,0.0002135874972,0.0002135874972,-5.421010862e-20
2024-07-31,2024-06-28,22,0.01902062895,0.008180417803,0.01084021114,0.01917381742,0.01873818036,0.02138522887,0.0004268678666,8.05703707e-05,0.0005074382373,0.006202649773,0.005223563,0.002260211421,-0.002265766959,-0.004543596772,0.00130335734,9.612110471e-05,0,9.612110471e-05,9.612110471e-05,9.612110471e-05,4.065758147e-20
2024-08-30,2024-07-31,22,0.015760103,0.0125942125,0.003165890505,0.0161855158,0.01525626425,0.008237653829,0.0004747456031,3.269262282e-05,0.0005074382259,0.009429865228,0.003068116609,0.001865588982,-0.0003484792155,-0.002820719034,0.001399839926,3.30675824e-05,0,3.30675824e-05,3.30675824e-05,3.30675824e-05,-6.776263578e-21
2024-09-30,2024-08-30,20,0.020970503,0.01211035617,0.008860146831,0.02106809416,0.02094180057,0.01543991434,0.0004294471005,7.799111492e-05,0.0005074382154,0.007084101133,0.002956403345,0.001991276935,-0.00063928954,-0.001043005318,0.001760869618,0.0002175339509,0,0.0002175339509,0.0002175339509,0.0002175339509,-2.710505431e-20
2024-10-31,2024-09-30,22,0.000802685024,-0.01700968304,0.01781236806,0.0006730206726,0.000625732295,-0.0238272426,0.0004195155381,8.792268413e-05,0.0005074382223,-0.006553295964,-0.00987756919,-0.003397312759,0.0003497467726,0.009209818434,-0.006741070333,1.818666277e-05,0,1.818666277e-05,1.818666277e-05,1.818666277e-05,-3.04931861e-20
2024-11-29,2024-10-31,19,0.01382572759,0.02484309021,-0.01101736262,0.01396093573,0.01371853254,0.01442889417,0.0003941101196,0.0001133281002,0.0005074382198,0.02455491464,0.001903629501,-0.001703373062,0.001275563041,0.001535357133,-0.00272300105,4.179454865e-05,0,4.179454865e-05,4.179454865e-05,4.179454865e-05,6.776263578e-21
2024-12-31,2024-11-29,21,-0.01594575598,-0.01613910219,0.0001933462157,-0.01575516093,-0.01610605515,-0.03243260918,0.0003770077833,0.000130430431,0.0005074382143,-0.01076923492,-0.006372822362,0.001772440743,-0.0002701414522,0.006725787816,-0.007225132017,2.032408649e-06,0,2.032408649e-06,2.032408649e-06,2.032408649e-06,2.541098842e-21
