ticker,security,current,cik,method,matched_name,predecessor_cik,facts,used,dropped,no_filing_date,nonpositive,first_filed,last_filed,status,treat_as
A,Agilent Technologies,True,1090872,ticker,"AGILENT TECHNOLOGIES, INC.",,55,55,0,0,0,2009-10-05,2024-12-20,ok,
AA,Alcoa,False,,ambiguous,ALCOA,,0,0,0,0,0,,,ambiguous,
AAL,American Airlines Group,False,6201,name,AMERICAN AIRLINES GROUP,,49,49,0,0,0,2010-07-21,2024-10-24,ok,
AAP,Advance Auto Parts,False,1158449,name,ADVANCE AUTO PARTS,,48,43,4,0,0,2010-06-02,2024-11-14,ok,
AAPL,Apple Inc.,True,320193,ticker,Apple Inc.,,62,61,0,0,0,2009-07-22,2024-11-01,ok,
ABBV,AbbVie,True,1551152,ticker,AbbVie Inc.,,47,47,0,0,0,2013-05-08,2024-11-04,ok,
ABK,Ambac Financial,False,,unmapped,AMBAC FINANCIAL,,0,0,0,0,0,,,unmapped,
ABMD,Abiomed,False,815094,name,ABIOMED,,45,45,0,0,0,2011-08-05,2022-11-03,ok,
ABNB,Airbnb,True,1559720,ticker,"Airbnb, Inc.",,0,0,0,0,0,,,no_facts,
ABS,Albertsons,False,,unmapped,ALBERTSONS,,0,0,0,0,0,,,unmapped,
ABT,Abbott Laboratories,True,1800,ticker,ABBOTT LABORATORIES,,62,62,0,0,0,2009-08-07,2024-10-31,ok,
ACAS,American Capital,False,817473,name,AMERICAN CAPITAL,,0,0,0,0,0,,,no_facts,
ACE,Chubb,False,,ambiguous,CHUBB,,0,0,0,0,0,,,ambiguous,
ACGL,Arch Capital Group,True,947484,ticker,ARCH CAPITAL GROUP LTD.,,44,44,0,0,0,2010-08-05,2024-11-07,ok,
ACN,Accenture,True,1467373,ticker,Accenture plc,,2,2,0,0,0,2009-12-18,2010-03-26,ok,
ADBE,Adobe Inc.,True,796343,ticker,ADOBE INC.,,61,61,0,0,0,2009-06-26,2024-09-25,ok,
ADCT,ADC Telecommunications,False,,unmapped,ADC TELECOMMUNICATIONS,,0,0,0,0,0,,,unmapped,
ADI,Analog Devices,True,6281,ticker,ANALOG DEVICES INC,,62,62,0,0,0,2009-08-18,2024-11-26,ok,
ADM,Archer Daniels Midland,True,7084,ticker,Archer-Daniels-Midland Co,,57,55,0,0,0,2009-11-06,2024-11-18,ok,
ADP,Automatic Data Processing,True,8670,ticker,AUTOMATIC DATA PROCESSING INC,,59,59,0,0,0,2009-11-06,2024-11-01,ok,
ADS,Alliance Data Systems,False,1101215,name,ALLIANCE DATA SYSTEMS,,45,45,0,0,0,2010-08-09,2024-10-31,ok,
ADSK,Autodesk,True,769397,ticker,"Autodesk, Inc.",,63,61,0,0,0,2009-06-03,2024-12-03,ok,
ADT,ADT,False,,ambiguous,ADT,,0,0,0,0,0,,,ambiguous,
AEE,Ameren,True,1002910,ticker,AMEREN CORP,,58,58,0,0,0,2009-08-10,2024-11-07,ok,
AEP,American Electric Power,True,4904,ticker,AMERICAN ELECTRIC POWER CO INC,,63,59,3,1,0,2009-08-04,2024-11-06,ok,
AES,AES Corporation,True,874761,ticker,AES CORP,,47,47,0,0,0,2009-08-07,2024-10-31,ok,
AET,Aetna,False,1122304,name,AETNA,,38,38,0,0,0,2009-07-31,2018-10-30,ok,
AFL,Aflac,True,4977,ticker,AFLAC INC,,50,50,0,0,0,2009-08-07,2024-11-01,ok,
AGN,Allergan,False,,ambiguous,ALLERGAN,,0,0,0,0,0,,,ambiguous,
AIG,American International Group,True,5272,ticker,"AMERICAN INTERNATIONAL GROUP, INC.",,61,61,0,0,0,2009-09-03,2024-11-07,ok,
AIV,Aimco,False,,unmapped,AIMCO,,0,0,0,0,0,,,unmapped,
AIZ,Assurant,True,1267238,ticker,"ASSURANT, INC.",,56,54,1,0,1,2009-08-06,2024-11-07,ok,
AJG,Arthur J. Gallagher & Co.,True,354190,ticker,Arthur J. Gallagher & Co.,,58,56,2,0,0,2010-07-30,2024-10-29,ok,
AKAM,Akamai Technologies,True,1086222,ticker,AKAMAI TECHNOLOGIES INC,,47,47,0,0,0,2009-09-04,2024-11-08,ok,
AKS,AK Steel,False,,unmapped,AK STEEL,,0,0,0,0,0,,,unmapped,
ALB,Albemarle Corporation,True,915913,ticker,ALBEMARLE CORP,,53,53,0,0,0,2010-08-06,2024-11-06,ok,
ALGN,Align Technology,True,1097149,ticker,ALIGN TECHNOLOGY INC,,45,45,0,0,0,2010-08-05,2024-11-05,ok,
ALK,Alaska Air Group,False,766421,name,ALASKA AIR GROUP,,57,53,3,0,1,2010-08-05,2024-11-08,ok,
ALL,Allstate,True,899051,ticker,ALLSTATE CORP,,62,62,0,0,0,2009-08-27,2024-10-30,ok,
ALLE,Allegion,True,1579241,ticker,Allegion plc,,39,39,0,0,0,2014-04-30,2024-10-24,ok,
ALTR,Altera,False,768251,name,ALTERA,,26,26,0,0,0,2009-07-22,2015-10-22,ok,
ALXN,Alexion Pharmaceuticals,False,899866,name,ALEXION PHARMACEUTICALS,,43,43,0,0,0,2010-07-30,2021-04-30,ok,
AMAT,Applied Materials,True,6951,ticker,APPLIED MATERIALS INC /DE,,47,47,0,0,0,2009-09-01,2024-12-13,ok,
AMCR,Amcor,True,1748790,ticker,Amcor plc,,18,17,1,0,0,2019-09-03,2024-11-01,ok,
AMD,Advanced Micro Devices,True,2488,ticker,ADVANCED MICRO DEVICES INC,,54,53,1,0,0,2010-08-04,2024-10-30,ok,
AME,Ametek,True,1037868,ticker,AMETEK INC/,,62,62,0,0,0,2009-08-05,2024-10-31,ok,
AMG,Affiliated Managers Group,False,1004434,name,AFFILIATED MANAGERS GROUP,,45,45,0,0,0,2010-08-09,2024-11-07,ok,
AMGN,Amgen,True,318154,ticker,AMGEN INC,,61,61,0,0,0,2009-08-10,2024-10-31,ok,
AMP,Ameriprise Financial,True,820027,ticker,AMERIPRISE FINANCIAL INC,,60,60,0,0,0,2009-08-05,2024-11-01,ok,
AMT,American Tower,True,1053507,ticker,AMERICAN TOWER CORP /MA/,,53,53,0,0,0,2009-08-06,2024-10-29,ok,
AMTM,Amentum,False,,unmapped,AMENTUM,,0,0,0,0,0,,,unmapped,
AMZN,Amazon,True,1018724,ticker,AMAZON COM INC,,62,62,0,0,0,2009-07-24,2024-11-01,ok,
AN,AutoNation,False,350698,name,AUTONATION,,55,54,0,0,1,2010-08-09,2024-10-25,ok,
ANDV,Andeavor,False,50104,name,ANDEAVOR,,25,25,0,0,0,2010-07-29,2018-08-07,ok,
ANET,Arista Networks,True,1596532,ticker,"Arista Networks, Inc.",,40,40,0,0,0,2014-08-08,2024-11-08,ok,
ANF,Abercrombie & Fitch,False,1018840,name,ABERCROMBIE AND FITCH,,57,55,2,0,0,2010-09-08,2024-12-06,ok,
ANR,Alpha Natural Resources,False,,ambiguous,ALPHA NATURAL RESOURCES,,0,0,0,0,0,,,ambiguous,
ANSS,Ansys,False,1013462,name,ANSYS,,46,46,0,0,0,2010-08-05,2024-11-06,ok,
AON,Aon plc,True,315293,ticker,Aon plc,,55,55,0,0,0,2009-08-07,2024-10-25,ok,
AOS,A. O. Smith,True,91142,ticker,SMITH A O CORP,,5,5,0,0,0,2014-05-05,2015-08-10,ok,
APA,APA Corporation,True,1841666,ticker,APA Corp,,15,15,0,0,0,2021-05-07,2024-11-07,ok,
APC,Anadarko Petroleum,False,773910,name,ANADARKO PETROLEUM,,41,41,0,0,0,2009-08-04,2019-07-30,ok,
APD,Air Products,True,2969,ticker,"Air Products & Chemicals, Inc.",,61,60,0,1,0,2009-07-24,2024-11-21,ok,
APH,Amphenol,True,820313,ticker,AMPHENOL CORP /DE/,,62,62,0,0,0,2009-08-06,2024-10-25,ok,
APO,Apollo Global Management,True,1858681,ticker,"Apollo Global Management, Inc.",,9,9,0,0,0,2022-05-10,2024-11-06,ok,
APOL,Apollo Education Group,False,929887,name,APOLLO EDUCATION GROUP,,1,1,0,0,0,2010-04-27,2010-04-27,ok,
APP,AppLovin,True,1751008,ticker,AppLovin Corp,,0,0,0,0,0,,,no_facts,
APTV,Aptiv,True,1521332,ticker,Aptiv PLC,,51,51,0,0,0,2012-04-26,2024-10-31,ok,
ARE,Alexandria Real Estate Equities,True,1035443,ticker,"ALEXANDRIA REAL ESTATE EQUITIES, INC.",,54,54,0,0,0,2010-08-04,2024-10-21,ok,
ARES,Ares Management,True,1176948,ticker,Ares Management Corp,,15,15,0,0,0,2014-06-10,2019-05-06,ok,
ARG,Airgas,False,804212,name,AIRGAS,,19,19,0,0,0,2010-08-06,2016-05-10,ok,
ARNC,Arconic,False,,ambiguous,ARCONIC,,0,0,0,0,0,,,ambiguous,
ATI,Allegheny Technologies,False,1018963,name,ALLEGHENY TECHNOLOGIES,,61,61,0,0,0,2009-08-27,2024-10-29,ok,
ATO,Atmos Energy,True,731802,ticker,ATMOS ENERGY CORP,,58,58,0,0,0,2010-08-05,2024-11-18,ok,
ATVI,Activision Blizzard,False,718877,name,ACTIVISION BLIZZARD,,43,43,0,0,0,2009-08-07,2023-07-31,ok,
AV,Avaya,False,1116521,name,AVAYA,,15,15,0,0,0,2011-08-11,2016-08-12,ok,
AVB,AvalonBay Communities,False,915912,name,AVALONBAY COMMUNITIES,,61,61,0,0,0,2009-08-10,2024-11-12,ok,
AVGO,Broadcom,True,1730168,ticker,Broadcom Inc.,,27,27,0,0,0,2018-06-14,2024-12-20,ok,
AVP,Avon Products,False,8868,name,AVON PRODUCTS,,56,41,15,0,0,2009-07-30,2019-10-31,ok,
AVY,Avery Dennison,True,8818,ticker,Avery Dennison Corp,,54,54,0,0,0,2010-08-11,2024-10-29,ok,
AWK,American Water Works,True,1410636,ticker,"American Water Works Company, Inc.",,49,49,0,0,0,2010-08-04,2024-10-30,ok,
AXON,Axon Enterprise,True,1069183,ticker,"AXON ENTERPRISE, INC.",,42,42,0,0,0,2011-08-08,2024-11-08,ok,
AXP,American Express,True,4962,ticker,AMERICAN EXPRESS CO,,58,58,0,0,0,2009-09-02,2024-10-18,ok,
AYE,Allegheny Energy,False,3673,name,ALLEGHENY ENERGY,,7,7,0,0,0,2009-08-07,2011-02-23,ok,
AYI,Acuity Brands,False,1144215,name,ACUITY BRANDS,,56,56,0,0,0,2011-01-10,2024-10-28,ok,
AZO,AutoZone,True,866787,ticker,AUTOZONE INC,,61,61,0,0,0,2009-12-17,2024-12-20,ok,
BA,Boeing,True,12927,ticker,BOEING CO,,62,62,0,0,0,2009-07-22,2024-10-23,ok,
BAC,Bank of America,True,70858,ticker,BANK OF AMERICA CORP /DE/,,47,47,0,0,0,2009-08-07,2024-10-29,ok,
BALL,Ball Corporation,True,9389,ticker,BALL Corp,,48,47,0,0,1,2010-08-04,2024-10-31,ok,
BAX,Baxter International,True,10456,ticker,BAXTER INTERNATIONAL INC,,60,60,0,0,0,2009-07-28,2024-11-12,ok,
BBBY,Bed Bath & Beyond,False,886158,name,BED BATH AND BEYOND,,55,55,0,0,0,2009-10-07,2023-06-14,ok,
BBWI,"Bath & Body Works, Inc.",False,701985,name,BATH AND BODY WORKS,,62,62,0,0,0,2009-09-04,2024-11-26,ok,
BBY,Best Buy,True,764478,ticker,BEST BUY CO INC,,62,62,0,0,0,2009-10-08,2024-12-06,ok,
BC,Brunswick,False,14930,name,BRUNSWICK,,48,48,0,0,0,2011-05-06,2024-10-30,ok,
BCR,CR Bard,False,,unmapped,CR BARD,,0,0,0,0,0,,,unmapped,
BDX,Becton Dickinson,True,10795,ticker,BECTON DICKINSON & CO,,63,62,0,1,0,2009-08-10,2024-11-27,ok,
BEAM,Suntory Global Spirits,False,,unmapped,SUNTORY GLOBAL SPIRITS,,0,0,0,0,0,,,unmapped,
BEN,Franklin Resources,True,38777,ticker,FRANKLIN RESOURCES INC,,60,60,0,0,0,2009-08-07,2024-11-12,ok,
BF-B,Brown–Forman,True,14693,ticker,BROWN FORMAN CORP,,0,0,0,0,0,,,no_facts,
BG,Bunge Global,True,1996862,ticker,Bunge Global SA,,3,3,0,0,0,2024-04-24,2024-10-30,ok,
BHF,Brighthouse Financial,False,1685040,name,BRIGHTHOUSE FINANCIAL,,23,23,0,0,0,2017-08-15,2024-11-08,ok,
BHI,Baker Hughes,False,,ambiguous,BAKER HUGHES,,0,0,0,0,0,,,ambiguous,
BIG,Big Lots,False,768835,name,BIG LOTS,,56,56,0,0,0,2010-09-08,2024-09-12,ok,
BIIB,Biogen,True,875045,ticker,BIOGEN INC.,,62,62,0,0,0,2009-07-17,2024-10-30,ok,
BIO,Bio-Rad Laboratories,False,12208,name,BIO RAD LABORATORIES,,1,1,0,0,0,2010-08-06,2010-08-06,ok,
BJS,BJ Services,False,864328,name,BJ SERVICES,,2,2,0,0,0,2009-08-10,2010-02-09,ok,
BKNG,Booking Holdings,True,1075531,ticker,Booking Holdings Inc.,,47,47,0,0,0,2010-08-04,2024-10-30,ok,
BKR,Baker Hughes,True,1701605,ticker,Baker Hughes Co,,8,8,0,0,0,2023-02-14,2024-10-23,ok,
BLDR,Builders FirstSource,True,1316835,ticker,"Builders FirstSource, Inc.",,41,41,0,0,0,2011-07-29,2024-11-05,ok,
BLK,BlackRock,True,2012383,ticker,"BlackRock, Inc.",,1,1,0,0,0,2024-11-06,2024-11-06,ok,
BMC,BMC Software,False,835729,name,BMC SOFTWARE,,17,17,0,0,0,2009-08-05,2013-08-05,ok,
BMS,Bemis,False,11199,name,BEMIS,,29,29,0,0,0,2010-08-09,2019-04-26,ok,
BMY,Bristol Myers Squibb,True,14272,ticker,BRISTOL MYERS SQUIBB CO,,61,61,0,0,0,2009-07-23,2024-10-31,ok,
BNY,BNY Mellon,True,1390777,ticker,Bank of New York Mellon Corp,,62,62,0,0,0,2009-08-07,2024-11-01,ok,
BR,Broadridge Financial Solutions,True,1383312,ticker,"BROADRIDGE FINANCIAL SOLUTIONS, INC.",,57,57,0,0,0,2010-11-04,2024-11-05,ok,
BRCM,Broadcom Corporation,False,,ambiguous,BROADCOM,,0,0,0,0,0,,,ambiguous,
BRK-B,Berkshire Hathaway,True,1067983,ticker,BERKSHIRE HATHAWAY INC,,5,0,0,0,0,,,no_facts,no_facts
BRO,Brown & Brown,True,79282,ticker,"BROWN & BROWN, INC.",,44,43,0,0,0,2010-08-04,2024-10-28,ok,
BS,Bethlehem Steel,False,,unmapped,BETHLEHEM STEEL,,0,0,0,0,0,,,unmapped,
BSX,Boston Scientific,True,885725,ticker,BOSTON SCIENTIFIC CORP,,62,62,0,0,0,2009-08-06,2024-11-01,ok,
BTU,Peabody Energy,False,1064728,name,PEABODY ENERGY,,52,51,0,0,0,2009-08-07,2024-11-08,ok,
BWA,BorgWarner,False,908255,name,BORGWARNER,,61,61,0,0,0,2009-07-29,2024-10-31,ok,
BX,Blackstone Inc.,True,1393818,ticker,Blackstone Inc.,,38,38,0,0,0,2010-08-06,2024-11-01,ok,
BXLT,Baxalta,False,1620546,name,BAXALTA,,3,3,0,0,0,2015-08-13,2016-05-09,ok,
BXP,"BXP, Inc.",True,1037540,ticker,"BXP, Inc.",,48,48,0,0,0,2009-08-06,2024-11-05,ok,
C,Citigroup,True,831001,ticker,CITIGROUP INC,,61,61,0,0,0,2009-11-06,2024-11-07,ok,
CA,CA Technologies,False,,unmapped,CA TECHNOLOGIES,,0,0,0,0,0,,,unmapped,
CAG,Conagra Brands,False,23217,name,CONAGRA BRANDS,,62,62,0,0,0,2009-10-07,2024-12-19,ok,
CAH,Cardinal Health,True,721371,ticker,CARDINAL HEALTH INC,,59,59,0,0,0,2009-11-09,2024-11-01,ok,
CAM,Cameron International,False,941548,name,CAMERON INTERNATIONAL,,27,27,0,0,0,2009-08-06,2016-01-29,ok,
CARR,Carrier Global,True,1783180,ticker,CARRIER GLOBAL Corp,,19,19,0,0,0,2020-05-11,2024-10-25,ok,
CASY,Casey's,True,726958,ticker,CASEYS GENERAL STORES INC,,58,56,0,0,0,2010-09-09,2024-12-09,ok,
CAT,Caterpillar Inc.,True,18230,ticker,CATERPILLAR INC,,63,62,0,1,0,2009-08-12,2024-11-06,ok,
CB,Chubb Limited,True,896159,ticker,Chubb Ltd,,60,58,2,0,0,2009-08-07,2024-10-30,ok,
CBE,Cooper Industries,False,1141982,name,COOPER INDUSTRIES,,13,13,0,0,0,2009-11-05,2012-11-05,ok,
CBOE,Cboe Global Markets,True,1374310,ticker,"Cboe Global Markets, Inc.",,51,48,0,0,0,2011-08-09,2024-11-01,ok,
CBRE,CBRE Group,True,1138118,ticker,"CBRE GROUP, INC.",,54,54,0,0,0,2010-08-09,2024-10-24,ok,
CCE,Coca-Cola Enterprises,False,,ambiguous,COCA COLA ENTERPRISES,,0,0,0,0,0,,,ambiguous,
CCI,Crown Castle,True,1051470,ticker,CROWN CASTLE INC.,,53,53,0,0,0,2009-08-28,2024-10-30,ok,
CCK,Crown Holdings,False,1219601,name,CROWN HOLDINGS,,44,44,0,0,0,2010-08-06,2024-11-01,ok,
CCL,Carnival Corporation,True,815097,ticker,Carnival Corp Ltd.,,61,60,1,0,0,2009-10-01,2024-09-30,ok,
CDAY,Ceridian,False,,unmapped,CERIDIAN,,0,0,0,0,0,,,unmapped,
CDNS,Cadence Design Systems,True,813672,ticker,CADENCE DESIGN SYSTEMS INC,,58,58,0,0,0,2010-08-04,2024-10-30,ok,
CDW,CDW Corporation,True,1402057,ticker,CDW Corp,,35,35,0,0,0,2013-08-12,2024-10-30,ok,
CE,Celanese,False,1306830,name,CELANESE,,62,62,0,0,0,2009-07-29,2024-11-12,ok,
CEG,Constellation Energy Group,True,1868275,ticker,Constellation Energy Corp,,12,12,0,0,0,2022-02-25,2024-11-04,ok,
CELG,Celgene,False,816284,name,CELGENE,,39,39,0,0,0,2009-07-31,2019-10-31,ok,
CEPH,Cephalon,False,873364,name,CEPHALON,,5,5,0,0,0,2010-07-28,2011-08-03,ok,
CERN,Cerner,False,804753,name,CERNER,,48,48,0,0,0,2010-07-30,2022-05-03,ok,
CF,CF Industries,True,1324404,ticker,"CF Industries Holdings, Inc.",,62,62,0,0,0,2009-08-05,2024-10-31,ok,
CFC,Countrywide Financial Corp,False,,unmapped,COUNTRYWIDE FINANCIAL,,0,0,0,0,0,,,unmapped,
CFG,Citizens Financial Group,True,759944,ticker,CITIZENS FINANCIAL GROUP INC/RI,,41,41,0,0,0,2014-11-14,2024-11-04,ok,
CFN,Carefusion,False,1457543,name,CAREFUSION,,12,12,0,0,0,2011-11-08,2015-02-06,ok,
CHD,Church & Dwight,True,313927,ticker,CHURCH & DWIGHT CO INC /DE/,,47,47,0,0,0,2010-08-09,2024-11-01,ok,
CHK,Chesapeake Energy,False,895126,name,CHESAPEAKE ENERGY,,50,50,0,0,0,2009-08-10,2024-10-29,ok,
CHRW,C.H. Robinson,True,1043277,ticker,"C. H. ROBINSON WORLDWIDE, INC.",,49,49,0,0,0,2009-08-10,2024-11-01,ok,
CHTR,Charter Communications,True,1091667,ticker,"CHARTER COMMUNICATIONS, INC. /MO/",,22,22,0,0,0,2011-05-03,2016-08-09,ok,
CI,Cigna,True,1739940,ticker,Cigna Group,,24,24,0,0,0,2019-02-28,2024-10-31,ok,
CIEN,Ciena,True,936395,ticker,CIENA CORP,,58,57,0,0,1,2010-12-22,2024-12-20,ok,
CINF,Cincinnati Financial,True,20286,ticker,CINCINNATI FINANCIAL CORP,,44,44,0,0,0,2010-07-29,2024-10-24,ok,
CL,Colgate-Palmolive,True,21665,ticker,COLGATE PALMOLIVE CO,,61,61,0,0,0,2009-07-30,2024-10-25,ok,
CLF,Cliffs Natural Resources,False,764065,name,CLIFFS NATURAL RESOURCES,,57,57,0,0,0,2009-07-30,2024-11-05,ok,
CLX,Clorox,True,21076,ticker,CLOROX CO /DE/,,61,60,1,0,0,2009-11-03,2024-10-30,ok,
CMA,Comerica,False,28412,name,COMERICA,,54,54,0,0,0,2010-07-30,2024-10-28,ok,
CMCSA,Comcast,True,1166691,ticker,COMCAST CORP,,2,2,0,0,0,2009-11-04,2010-02-23,ok,
CMCSK,Comcast Series K,False,,unmapped,COMCAST SERIES K,,0,0,0,0,0,,,unmapped,
CME,CME Group,True,1156375,ticker,CME GROUP INC.,,2,2,0,0,0,2009-11-06,2010-02-26,ok,
CMG,Chipotle Mexican Grill,True,1058090,ticker,CHIPOTLE MEXICAN GRILL INC,,56,55,1,0,0,2010-07-27,2024-10-30,ok,
CMI,Cummins,True,26172,ticker,CUMMINS INC,,62,62,0,0,0,2009-07-30,2024-11-05,ok,
CMS,CMS Energy,True,811156,ticker,CMS ENERGY CORP,,28,28,0,0,0,2013-02-21,2024-10-31,ok,
CNC,Centene Corporation,True,1071739,ticker,CENTENE CORP,,49,49,0,0,0,2010-07-27,2024-10-25,ok,
CNP,CenterPoint Energy,True,1130310,ticker,CENTERPOINT ENERGY INC,,57,55,2,0,0,2009-08-05,2024-10-28,ok,
CNX,Consol Energy,False,,ambiguous,CONSOL ENERGY,,0,0,0,0,0,,,ambiguous,
COF,Capital One,True,927628,ticker,CAPITAL ONE FINANCIAL CORP,,62,62,0,0,0,2009-08-10,2024-10-31,ok,
COHR,Coherent Corp.,True,820318,ticker,COHERENT CORP.,,46,46,0,0,0,2010-11-08,2024-11-06,ok,
COIN,Coinbase,True,1679788,ticker,"Coinbase Global, Inc.",,0,0,0,0,0,,,no_facts,
COL,Rockwell Collins,False,1137411,name,ROCKWELL COLLINS,,38,35,3,0,0,2010-04-23,2018-11-26,ok,
COO,Cooper Companies (The),True,711404,ticker,"COOPER COMPANIES, INC.",,50,50,0,0,0,2010-09-03,2024-12-06,ok,
COP,ConocoPhillips,True,1163165,ticker,CONOCOPHILLIPS,,62,62,0,0,0,2009-08-04,2024-10-31,ok,
COR,Cencora,True,1140859,ticker,"Cencora, Inc.",,62,62,0,0,0,2009-08-06,2024-11-26,ok,
COST,Costco,True,909832,ticker,COSTCO WHOLESALE CORP /NEW,,61,61,0,0,0,2009-12-18,2024-12-19,ok,
COTY,Coty,False,1024305,name,COTY,,28,28,0,0,0,2016-11-09,2024-11-06,ok,
COV,Covidien,False,1385187,name,COVIDIEN,,18,18,0,0,0,2009-07-30,2015-01-23,ok,
CPAY,Corpay,True,1175454,ticker,"CORPAY, INC.",,50,50,0,0,0,2011-08-15,2024-11-08,ok,
CPB,Campbell's,False,16732,name,CAMPBELL S,,61,61,0,0,0,2009-12-10,2024-12-04,ok,
CPGX,Columbia Pipeline Group,False,1629995,name,COLUMBIA PIPELINE GROUP,,7,4,0,0,3,2015-08-03,2016-05-03,ok,
CPRI,Capri Holdings,False,1530721,name,CAPRI HOLDINGS,,36,35,0,0,1,2013-08-08,2024-11-07,ok,
CPRT,Copart,True,900075,ticker,COPART INC,,57,57,0,0,0,2010-12-03,2024-11-26,ok,
CPT,Camden Property Trust,True,906345,ticker,CAMDEN PROPERTY TRUST,,55,55,0,0,0,2010-07-30,2024-11-01,ok,
CPWR,Compuware,False,859014,name,COMPUWARE,,13,13,0,0,0,2011-02-08,2014-11-06,ok,
CRH,CRH plc,True,849395,ticker,CRH PUBLIC LTD CO,,10,10,0,0,0,2018-03-09,2024-11-07,ok,
CRL,Charles River Laboratories,True,1100682,ticker,"CHARLES RIVER LABORATORIES INTERNATIONAL, INC.",,56,56,0,0,0,2010-08-03,2024-11-06,ok,
CRM,Salesforce,True,1108524,ticker,"Salesforce, Inc.",,61,60,1,0,0,2009-08-25,2024-12-04,ok,
CRWD,CrowdStrike,True,1535527,ticker,"CrowdStrike Holdings, Inc.",,0,0,0,0,0,,,no_facts,
CSC,Computer Sciences Corporation,False,23082,name,COMPUTER SCIENCES,,31,30,1,0,0,2009-08-07,2017-02-03,ok,
CSCO,Cisco,True,858877,ticker,"CISCO SYSTEMS, INC.",,52,52,0,0,0,2009-11-18,2024-09-05,ok,
CSGP,CoStar Group,True,1057352,ticker,"COSTAR GROUP, INC.",,42,42,0,0,0,2011-07-28,2024-10-23,ok,
CSRA,CSRA,False,1646383,name,CSRA,,7,7,0,0,0,2015-12-04,2018-02-07,ok,
CSX,CSX Corporation,True,277948,ticker,CSX CORP,,62,61,1,0,0,2009-04-15,2024-10-17,ok,
CTAS,Cintas,True,723254,ticker,CINTAS CORP,,58,57,0,1,0,2010-10-08,2024-10-04,ok,
CTLT,Catalent,False,1596783,name,CATALENT,,31,31,0,0,0,2014-09-08,2024-10-25,ok,
CTRA,Coterra Energy,False,858470,name,COTERRA ENERGY,,50,50,0,0,0,2009-07-30,2024-11-01,ok,
CTSH,Cognizant,True,1058290,ticker,COGNIZANT TECHNOLOGY SOLUTIONS CORP,,54,54,0,0,0,2009-08-07,2024-10-31,ok,
CTVA,Corteva,True,1755672,ticker,"Corteva, Inc.",,22,21,1,0,0,2019-08-06,2024-11-07,ok,
CTX,Centex Corp.,False,,unmapped,CENTEX,,0,0,0,0,0,,,unmapped,
CTXS,Citrix Systems,False,877890,name,CITRIX SYSTEMS,,49,49,0,0,0,2009-08-07,2022-07-26,ok,
CVC,Cablevision Systems,False,1053112,name,CABLEVISION SYSTEMS,,2,0,0,0,2,,,no_facts,
CVG,Convergys,False,1062047,name,CONVERGYS,,32,31,1,0,0,2010-08-09,2018-08-07,ok,
CVH,Coventry Health Care,False,1054833,name,COVENTRY HEALTH CARE,,12,12,0,0,0,2010-08-06,2013-05-01,ok,
CVNA,Carvana,True,1690820,ticker,CARVANA CO.,,0,0,0,0,0,,,no_facts,
CVS,CVS Health,True,64803,ticker,CVS HEALTH Corp,,60,60,0,0,0,2009-08-04,2024-11-06,ok,
CVX,Chevron Corporation,True,93410,ticker,CHEVRON CORP,,59,59,0,0,0,2009-05-07,2024-11-07,ok,
CXO,Concho Resources,False,1358071,name,CONCHO RESOURCES,,33,33,0,0,0,2010-08-06,2020-10-27,ok,
CZR,Caesars Entertainment,False,,ambiguous,CAESARS ENTERTAINMENT,,0,0,0,0,0,,,ambiguous,
D,Dominion Energy,True,715957,ticker,"DOMINION ENERGY, INC",,56,56,0,0,0,2009-07-31,2024-11-01,ok,
DAL,Delta Air Lines,True,27904,ticker,"DELTA AIR LINES, INC.",,58,58,0,0,0,2010-08-02,2024-10-10,ok,
DASH,DoorDash,True,1792789,ticker,"DoorDash, Inc.",,0,0,0,0,0,,,no_facts,
DAY,Dayforce,False,1725057,name,DAYFORCE,,20,18,0,0,0,2018-08-09,2024-10-30,ok,
DD,DuPont,True,1666700,ticker,"DuPont de Nemours, Inc.",,29,29,0,0,0,2017-11-06,2024-11-05,ok,
DDOG,Datadog,True,1561550,ticker,"Datadog, Inc.",,0,0,0,0,0,,,no_facts,
DE,Deere & Company,True,315189,ticker,DEERE & CO,,46,46,0,0,0,2009-08-28,2024-08-29,ok,
DECK,Deckers Brands,True,910521,ticker,DECKERS OUTDOOR CORP,,54,54,0,0,0,2010-08-09,2024-10-31,ok,
DELL,Dell,True,1571996,ticker,Dell Technologies Inc.,,0,0,0,0,0,,,no_facts,
DF,Dean Foods,False,931336,name,DEAN FOODS,,32,32,0,0,0,2010-08-06,2020-03-20,ok,
DFS,Discover Financial,False,,unmapped,DISCOVER FINANCIAL,,0,0,0,0,0,,,unmapped,
DG,Dollar General,True,29534,ticker,DOLLAR GENERAL CORP,,55,55,0,0,0,2011-06-01,2024-12-05,ok,
DGX,Quest Diagnostics,True,1022079,ticker,QUEST DIAGNOSTICS INC,,62,62,0,0,0,2009-07-28,2024-10-23,ok,
DHI,D. R. Horton,True,882184,ticker,HORTON D R INC /DE/,,57,57,0,0,0,2010-08-03,2024-11-19,ok,
DHR,Danaher Corporation,True,313616,ticker,DANAHER CORP /DE/,,60,60,0,0,0,2009-07-23,2024-10-22,ok,
DIS,Walt Disney Company (The),True,1744489,ticker,Walt Disney Co,,19,19,0,0,0,2019-05-08,2024-11-14,ok,
DISCA,"Discovery, Inc.",False,1437107,name,DISCOVERY,,12,12,0,0,0,2010-02-22,2024-11-07,ok,
DISCK,"Discovery, Inc.",False,1437107,name,DISCOVERY,,12,12,0,0,0,2010-02-22,2024-11-07,ok,
DISH,Dish Network,False,,ambiguous,DISH NETWORK,,0,0,0,0,0,,,ambiguous,
DJ,Dow Jones,False,,unmapped,DOW JONES,,0,0,0,0,0,,,unmapped,
DLR,Digital Realty,True,1297996,ticker,"DIGITAL REALTY TRUST, INC.",,44,44,0,0,0,2010-08-12,2024-11-01,ok,
DLTR,Dollar Tree,True,935703,ticker,"DOLLAR TREE, INC.",,55,55,0,0,0,2010-08-19,2024-12-04,ok,
DNB,Dun & Bradstreet,False,1115222,name,DUN AND BRADSTREET,,34,34,0,0,0,2010-08-04,2018-11-06,ok,
DNR,Denbury Resources,False,945764,name,DENBURY RESOURCES,,57,56,1,0,0,2009-08-10,2023-08-04,ok,
DO,Diamond Offshore Drilling,False,949039,name,DIAMOND OFFSHORE DRILLING,,51,50,0,0,0,2009-07-29,2024-08-07,ok,
DOC,Healthpeak Properties,True,765880,ticker,"HEALTHPEAK PROPERTIES, INC.",,62,62,0,0,0,2009-08-04,2024-10-25,ok,
DOV,Dover Corporation,True,29905,ticker,DOVER Corp,,62,61,0,0,1,2009-07-24,2024-10-24,ok,
DOW,Dow Chemical Company,True,1751788,ticker,DOW INC.,,23,23,0,0,0,2019-05-03,2024-10-25,ok,
DPS,Dr Pepper Snapple Group,False,1418135,name,DR PEPPER SNAPPLE GROUP,,48,48,0,0,0,2010-05-06,2024-10-24,ok,
DPZ,Domino's,True,1286681,ticker,DOMINOS PIZZA INC,,45,45,0,0,0,2011-05-05,2024-10-10,ok,
DRE,Duke Realty,False,783280,name,DUKE REALTY,,38,38,0,0,0,2010-08-06,2022-08-08,ok,
DRI,Darden Restaurants,True,940944,ticker,DARDEN RESTAURANTS INC,,60,59,0,1,0,2010-04-02,2024-09-27,ok,
DTE,DTE Energy,True,936340,ticker,DTE ENERGY CO,,62,62,0,0,0,2009-08-28,2024-10-24,ok,
DTV,DirecTV,False,1465112,name,DIRECTV,,17,17,0,0,0,2011-05-06,2015-10-20,ok,
DUK,Duke Energy,True,1326160,ticker,Duke Energy CORP,,55,55,0,0,0,2009-08-07,2024-11-07,ok,
DV,DeVry,False,730464,name,DEVRY,,49,49,0,0,0,2010-11-04,2024-10-29,ok,
DVA,DaVita,True,927066,ticker,DAVITA INC.,,62,55,0,0,0,2009-08-07,2024-10-29,ok,
DVN,Devon Energy,True,1090012,ticker,DEVON ENERGY CORP/DE,,61,61,0,0,0,2009-08-06,2024-11-06,ok,
DWDP,DuPont,False,,unmapped,DUPONT,,0,0,0,0,0,,,unmapped,
DXC,DXC Technology,False,1688568,name,DXC TECHNOLOGY,,28,27,1,0,0,2017-08-09,2024-11-08,ok,
DXCM,Dexcom,True,1093557,ticker,DEXCOM INC,,48,48,0,0,0,2011-08-03,2024-10-24,ok,
DYN,Dynegy,False,1379895,name,DYNEGY,,27,27,0,0,0,2010-08-06,2018-02-22,ok,
EA,Electronic Arts,False,712515,name,ELECTRONIC ARTS,,47,47,0,0,0,2009-08-10,2024-11-01,ok,
EBAY,eBay Inc.,True,1065088,ticker,EBAY INC,,59,58,0,0,0,2009-07-29,2024-10-31,ok,
ECHO,EchoStar,True,1415404,ticker,EchoStar CORP,,0,0,0,0,0,,,no_facts,
ECL,Ecolab,True,31462,ticker,ECOLAB INC.,,62,62,0,0,0,2009-08-07,2024-10-31,ok,
ED,Consolidated Edison,True,1047862,ticker,CONSOLIDATED EDISON INC,,61,61,0,0,0,2009-11-02,2024-11-07,ok,
EFX,Equifax,True,33185,ticker,EQUIFAX INC,,59,59,0,0,0,2010-04-29,2024-10-21,ok,
EG,Everest Group,True,1095073,ticker,"EVEREST GROUP, LTD.",,58,58,0,0,0,2010-09-08,2024-11-05,ok,
EIX,Edison International,True,827052,ticker,EDISON INTERNATIONAL,,47,47,0,0,0,2009-08-07,2024-10-29,ok,
EK,Eastman Kodak,False,31235,name,EASTMAN KODAK,,45,45,0,0,0,2010-07-28,2024-11-12,ok,
EL,Estée Lauder Companies (The),True,1001250,ticker,ESTEE LAUDER COMPANIES INC,,0,0,0,0,0,,,no_facts,
ELV,Elevance Health,True,1156039,ticker,"Elevance Health, Inc.",,61,61,0,0,0,2009-07-29,2024-10-17,ok,
EMC,EMC Corporation,False,790070,name,EMC,,29,29,0,0,0,2009-08-05,2016-08-08,ok,
EME,Emcor,True,105634,ticker,"EMCOR Group, Inc.",,44,44,0,0,0,2010-07-29,2024-10-31,ok,
EMN,Eastman Chemical Co.,False,915389,name,EASTMAN CHEMICAL,,63,62,0,1,0,2009-07-30,2024-11-01,ok,
EMR,Emerson Electric,True,32604,ticker,EMERSON ELECTRIC CO,,63,62,0,1,0,2009-08-05,2024-11-12,ok,
ENDP,Endo International,False,1593034,name,ENDO INTERNATIONAL,,31,31,0,0,0,2014-05-09,2024-03-06,ok,
ENPH,Enphase Energy,False,1463101,name,ENPHASE ENERGY,,44,44,0,0,0,2012-05-14,2024-10-22,ok,
EOG,EOG Resources,True,821189,ticker,EOG RESOURCES INC,,51,49,1,0,1,2009-11-05,2024-11-07,ok,
EP,El Paso Corporation,False,1066107,name,EL PASO,,9,9,0,0,0,2009-08-10,2012-05-04,ok,
EPAM,EPAM Systems,False,1352010,name,EPAM SYSTEMS,,48,48,0,0,0,2012-05-09,2024-11-07,ok,
EQIX,Equinix,True,1101239,ticker,EQUINIX INC,,50,50,0,0,0,2010-08-04,2024-10-30,ok,
EQT,EQT Corporation,True,33213,ticker,EQT Corp,,61,61,0,0,0,2009-07-29,2024-10-30,ok,
ERIE,Erie Indemnity,True,922621,ticker,ERIE INDEMNITY CO,,0,0,0,0,0,,,no_facts,
ES,Eversource Energy,True,72741,ticker,EVERSOURCE ENERGY,,58,58,0,0,0,2010-08-06,2024-11-06,ok,
ESRX,Express Scripts,False,885721,name,EXPRESS SCRIPTS,,11,11,0,0,0,2009-07-30,2012-02-22,ok,
ESS,Essex Property Trust,True,920522,ticker,"ESSEX PROPERTY TRUST, INC.",,44,44,0,0,0,2010-08-06,2024-10-30,ok,
ESV,Ensco,False,314808,name,ENSCO,,49,48,0,0,0,2009-07-23,2024-10-31,ok,
ETFC,E-Trade,False,,unmapped,E TRADE,,0,0,0,0,0,,,unmapped,
ETN,Eaton Corporation,True,1551182,ticker,Eaton Corp plc,,49,48,1,0,0,2013-02-28,2024-10-31,ok,
ETR,Entergy,True,65984,ticker,ENTERGY CORP /DE/,,62,60,0,0,2,2009-09-04,2024-11-01,ok,
ETSY,Etsy,False,1370637,name,ETSY,,30,30,0,0,0,2015-05-22,2024-10-31,ok,
EVHC,Envision Healthcare,False,,ambiguous,ENVISION HEALTHCARE,,0,0,0,0,0,,,ambiguous,
EVRG,Evergy,True,1711269,ticker,"Evergy, Inc.",,20,20,0,0,0,2018-08-08,2024-11-07,ok,
EW,Edwards Lifesciences,True,1099800,ticker,Edwards Lifesciences Corp,,58,58,0,0,0,2010-08-06,2024-11-06,ok,
EXC,Exelon,True,1109357,ticker,EXELON CORP,,62,61,1,0,0,2009-07-24,2024-10-30,ok,
EXE,Expand Energy,True,895126,ticker,EXPAND ENERGY Corp,,50,50,0,0,0,2009-08-10,2024-10-29,ok,
EXPD,Expeditors International,True,746515,ticker,EXPEDITORS INTERNATIONAL OF WASHINGTON INC,,47,47,0,0,0,2009-08-07,2024-11-05,ok,
EXPE,Expedia Group,True,1324424,ticker,"Expedia Group, Inc.",,0,0,0,0,0,,,no_facts,
EXR,Extra Space Storage,True,1289490,ticker,Extra Space Storage Inc.,,45,45,0,0,0,2010-08-06,2024-11-04,ok,
F,Ford Motor Company,True,37996,ticker,FORD MOTOR CO,,8,8,0,0,0,2009-08-05,2011-05-10,ok,
FANG,Diamondback Energy,True,1539838,ticker,"Diamondback Energy, Inc.",,41,41,0,0,0,2012-12-14,2024-11-07,ok,
FAST,Fastenal,True,815556,ticker,FASTENAL CO,,62,62,0,0,0,2009-07-24,2024-10-16,ok,
FBHS,Fortune Brands Home & Security,False,1519751,name,FORTUNE BRANDS HOME AND SECURITY,,53,53,0,0,0,2011-11-10,2024-11-07,ok,
FCX,Freeport-McMoRan,True,831259,ticker,FREEPORT-MCMORAN INC,,59,58,0,0,0,2009-05-11,2024-11-08,ok,
FDC,First Data,False,883980,name,FIRST DATA,,14,14,0,0,0,2011-08-12,2015-08-04,ok,
FDO,Family Dollar,False,1672323,name,FAMILY DOLLAR,,0,0,0,0,0,,,no_facts,
FDS,FactSet,True,1013237,ticker,FACTSET RESEARCH SYSTEMS INC,,57,56,0,1,0,2011-01-10,2024-10-29,ok,
FDX,FedEx,True,1048911,ticker,FEDEX CORP,,62,62,0,0,0,2009-09-18,2024-12-19,ok,
FDXF,FedEx Freight,True,2082247,ticker,"FedEx Freight Holding Company, Inc.",,0,0,0,0,0,,,no_facts,
FE,FirstEnergy,True,1031296,ticker,FIRSTENERGY CORP,,63,62,0,0,0,2009-05-07,2024-10-29,ok,
FERG,Ferguson Enterprises,True,2011641,ticker,Ferguson Enterprises Inc. /DE/,,2,2,0,0,0,2024-09-25,2024-12-10,ok,
FFIV,"F5, Inc.",True,1048695,ticker,"F5, INC.",,52,52,0,0,0,2010-08-06,2024-11-18,ok,
FHN,First Horizon,False,36966,name,FIRST HORIZON,,59,59,0,0,0,2010-06-04,2024-11-07,ok,
FICO,Fair Isaac,True,814547,ticker,FAIR ISAAC CORP,,58,58,0,0,0,2010-08-06,2024-11-06,ok,
FII,Federated Investors,False,1056288,name,FEDERATED INVESTORS,,0,0,0,0,0,,,no_facts,
FIS,Fidelity National Information Services,True,1136893,ticker,"Fidelity National Information Services, Inc.",,56,56,0,0,0,2009-08-05,2024-11-04,ok,
FISV,Fiserv,True,798354,ticker,FISERV INC,,50,50,0,0,0,2009-08-06,2024-10-23,ok,
FITB,Fifth Third Bancorp,True,35527,ticker,FIFTH THIRD BANCORP,,62,62,0,0,0,2009-08-10,2024-11-05,ok,
FIX,Comfort Systems USA,True,1035983,ticker,COMFORT SYSTEMS USA INC,,41,41,0,0,0,2011-08-02,2024-10-24,ok,
FL,Foot Locker,False,850209,name,FOOT LOCKER,,57,57,0,0,0,2010-09-08,2024-12-11,ok,
FLEX,Flex Ltd.,True,866374,ticker,FLEX LTD.,,57,57,0,0,0,2009-08-04,2024-10-31,ok,
FLIR,FLIR Systems,False,354908,name,FLIR SYSTEMS,,37,37,0,0,0,2009-08-10,2021-05-06,ok,
FLR,Fluor Corporation,False,1124198,name,FLUOR,,55,55,0,0,0,2009-05-11,2024-11-08,ok,
FLS,Flowserve,False,30625,name,FLOWSERVE,,55,54,0,0,0,2009-07-29,2024-10-28,ok,
FLT,FLEETCOR Technologies,False,1175454,name,FLEETCOR TECHNOLOGIES,,50,50,0,0,0,2011-08-15,2024-11-08,ok,
FMC,FMC Corporation,False,37785,name,FMC,,63,61,0,1,0,2009-08-05,2024-10-30,ok,
FNM,Fannie Mae,False,,unmapped,FANNIE MAE,,0,0,0,0,0,,,unmapped,
FOSL,Fossil Group,False,883569,name,FOSSIL GROUP,,45,44,1,0,0,2010-08-12,2024-11-07,ok,
FOX,Fox Corporation (Class B),True,1754301,ticker,Fox Corp,,1,1,0,0,0,2019-03-18,2019-03-18,ok,
FOXA,Fox Corporation (Class A),True,1754301,ticker,Fox Corp,,1,1,0,0,0,2019-03-18,2019-03-18,ok,
FRC,First Republic Bank,False,,unmapped,FIRST REPUBLIC BANK,,0,0,0,0,0,,,unmapped,
FRE,Freddie Mac,False,,unmapped,FREDDIE MAC,,0,0,0,0,0,,,unmapped,
FRT,Federal Realty Investment Trust,True,34903,ticker,FEDERAL REALTY INVESTMENT TRUST,,58,58,0,0,0,2010-08-04,2024-10-30,ok,
FRX,Forest Laboratories,False,38074,name,FOREST LABORATORIES,,18,18,0,0,0,2009-05-29,2014-05-30,ok,
FSLR,First Solar,True,1274494,ticker,"FIRST SOLAR, INC.",,49,49,0,0,0,2009-08-03,2024-10-29,ok,
FTI,TechnipFMC,False,1681459,name,TECHNIPFMC,,25,23,1,0,0,2017-08-04,2024-10-24,ok,
FTNT,Fortinet,True,1262039,ticker,"Fortinet, Inc.",,42,41,1,0,0,2011-08-04,2024-11-08,ok,
FTR,Frontier Communications,False,20520,name,FRONTIER COMMUNICATIONS,,50,50,0,0,0,2010-08-05,2024-11-05,ok,
FTV,Fortive,True,1659166,ticker,Fortive Corp,,26,26,0,0,0,2016-08-02,2024-10-30,ok,
GAS,AGL Resources,False,1004155,name,AGL RESOURCES,,28,24,2,0,0,2009-10-29,2016-05-04,ok,
GD,General Dynamics,True,40533,ticker,GENERAL DYNAMICS CORP,,62,62,0,0,0,2009-08-04,2024-10-23,ok,
GDDY,GoDaddy,True,1609711,ticker,GoDaddy Inc.,,3,3,0,0,0,2024-05-03,2024-10-31,ok,
GE,GE Aerospace,True,40545,ticker,GENERAL ELECTRIC CO,,62,61,0,0,0,2009-08-03,2024-10-22,ok,
GEHC,GE HealthCare,True,1932393,ticker,GE HealthCare Technologies Inc.,,8,8,0,0,0,2023-02-15,2024-10-30,ok,
GEN,Gen Digital,True,849399,ticker,Gen Digital Inc.,,58,58,0,0,0,2009-08-05,2024-10-31,ok,
GENZ,Genzyme,False,732485,name,GENZYME,,7,7,0,0,0,2009-09-04,2011-03-01,ok,
GEV,GE Vernova,True,1996810,ticker,GE Vernova Inc.,,3,3,0,0,0,2024-04-30,2024-10-23,ok,
GGP,GGP Inc.,False,1496048,name,GGP,,32,31,0,0,1,2011-03-08,2021-05-07,ok,
GHC,Graham Holdings,False,104889,name,GRAHAM HOLDINGS,,0,0,0,0,0,,,no_facts,
GILD,Gilead Sciences,True,882095,ticker,"GILEAD SCIENCES, INC.",,51,51,0,0,0,2009-08-05,2024-11-12,ok,
GIS,General Mills,True,40704,ticker,GENERAL MILLS INC,,60,60,0,0,0,2009-09-24,2024-12-18,ok,
GL,Globe Life,True,320335,ticker,GLOBE LIFE INC.,,54,54,0,0,0,2009-08-07,2024-11-06,ok,
GLK,Great Lakes Chemical,False,,unmapped,GREAT LAKES CHEMICAL,,0,0,0,0,0,,,unmapped,
GLW,Corning Inc.,True,24741,ticker,CORNING INC /NY,,61,61,0,0,0,2009-11-02,2024-11-01,ok,
GM,General Motors,True,1467858,ticker,General Motors Co,,53,53,0,0,0,2011-08-05,2024-10-22,ok,
GMCR,Keurig Green Mountain,False,909954,name,KEURIG GREEN MOUNTAIN,,21,21,0,0,0,2010-08-05,2016-02-01,ok,
GME,GameStop,False,1326380,name,GAMESTOP,,61,60,0,0,0,2009-09-09,2024-12-10,ok,
GNRC,Generac,True,1474735,ticker,GENERAC HOLDINGS INC.,,41,41,0,0,0,2011-08-12,2024-11-05,ok,
GNW,Genworth Financial,False,1276520,name,GENWORTH FINANCIAL,,52,52,0,0,0,2009-07-31,2024-11-07,ok,
GOOG,Alphabet Inc. (Class C),True,1652044,ticker,Alphabet Inc.,,0,0,0,0,0,,,no_facts,
GOOGL,Alphabet Inc. (Class A),True,1652044,ticker,Alphabet Inc.,,0,0,0,0,0,,,no_facts,
GPC,Genuine Parts Company,True,40987,ticker,GENUINE PARTS CO,,54,54,0,0,0,2009-08-06,2024-10-22,ok,
GPN,Global Payments,True,1123360,ticker,GLOBAL PAYMENTS INC,,51,51,0,0,0,2010-10-12,2024-10-31,ok,
GPS,Gap,False,39911,name,GAP,,61,61,0,0,0,2009-09-09,2024-11-26,ok,
GR,Goodrich Corporation,False,42542,name,GOODRICH,,12,12,0,0,0,2009-07-23,2012-04-26,ok,
GRA,WR Grace,False,,unmapped,WR GRACE,,0,0,0,0,0,,,unmapped,
GRMN,Garmin,True,1121788,ticker,GARMIN LTD,,53,48,5,0,0,2009-09-01,2024-10-30,ok,
GRN,General Re,False,,unmapped,GENERAL RE,,0,0,0,0,0,,,unmapped,
GS,Goldman Sachs,True,886982,ticker,GOLDMAN SACHS GROUP INC,,61,61,0,0,0,2009-08-05,2024-11-04,ok,
GT,The Goodyear Tire & Rubber Company,False,42582,name,GOODYEAR TIRE AND RUBBER,,58,57,1,0,0,2010-07-29,2024-11-05,ok,
GWW,W. W. Grainger,True,277135,ticker,"W.W. GRAINGER, INC.",,61,61,0,0,0,2009-07-31,2024-10-31,ok,
HAL,Halliburton,True,45012,ticker,HALLIBURTON CO,,61,61,0,0,0,2009-07-30,2024-11-07,ok,
HAR,Harman International,False,,unmapped,HARMAN INTERNATIONAL,,0,0,0,0,0,,,unmapped,
HAS,Hasbro,True,46080,ticker,"HASBRO, INC.",,56,56,0,0,0,2010-07-30,2024-10-31,ok,
HBAN,Huntington Bancshares,True,49196,ticker,HUNTINGTON BANCSHARES INC /MD/,,58,55,2,0,1,2010-08-09,2024-10-29,ok,
HBI,Hanesbrands,False,1359841,name,HANESBRANDS,,58,58,0,0,0,2010-07-28,2024-11-07,ok,
HCA,HCA Healthcare,True,860730,ticker,"HCA Healthcare, Inc.",,55,55,0,0,0,2011-05-11,2024-10-31,ok,
HCBK,Hudson City Bancorp,False,921847,name,HUDSON CITY BANCORP,,19,19,0,0,0,2009-08-07,2015-08-07,ok,
HD,Home Depot (The),True,354950,ticker,"HOME DEPOT, INC.",,57,57,0,0,0,2009-09-03,2024-11-19,ok,
HES,Hess Corporation,False,4447,name,HESS,,59,59,0,0,0,2009-08-07,2024-11-06,ok,
HFC,HollyFrontier,False,48039,name,HOLLYFRONTIER,,39,39,0,0,0,2010-08-06,2022-04-28,ok,
HIG,Hartford (The),True,874766,ticker,"HARTFORD INSURANCE GROUP, INC.",,48,48,0,0,0,2009-08-26,2024-10-24,ok,
HII,Huntington Ingalls Industries,True,1501585,ticker,"HUNTINGTON INGALLS INDUSTRIES, INC.",,51,51,0,0,0,2011-08-11,2024-10-31,ok,
HLT,Hilton Worldwide,True,1585689,ticker,Hilton Worldwide Holdings Inc.,,42,42,0,0,0,2014-05-09,2024-10-23,ok,
HNG,Houston Natural Gas,False,,unmapped,HOUSTON NATURAL GAS,,0,0,0,0,0,,,unmapped,
HNZ,Heinz,False,,unmapped,HEINZ,,0,0,0,0,0,,,unmapped,
HOG,Harley-Davidson,False,793952,name,HARLEY DAVIDSON,,62,62,0,0,0,2009-07-31,2024-11-06,ok,
HOLX,Hologic,False,859737,name,HOLOGIC,,54,54,0,0,0,2009-08-06,2024-07-30,ok,
HON,Honeywell Technologies,True,773840,ticker,HONEYWELL INTERNATIONAL INC,,62,62,0,0,0,2009-08-03,2024-10-24,ok,
HONA,Honeywell Aerospace,True,2089271,ticker,Honeywell Aerospace Inc.,,0,0,0,0,0,,,no_facts,
HOOD,Robinhood Markets,True,1783879,ticker,"Robinhood Markets, Inc.",,0,0,0,0,0,,,no_facts,
HOT,Starwood Hotels and Resorts,False,,unmapped,STARWOOD HOTELS AND RESORTS,,0,0,0,0,0,,,unmapped,
HP,Helmerich & Payne,False,46765,name,HELMERICH AND PAYNE,,57,57,0,0,0,2009-08-05,2024-11-13,ok,
HPE,Hewlett Packard Enterprise,True,1645590,ticker,Hewlett Packard Enterprise Co,,37,37,0,0,0,2015-12-17,2024-12-19,ok,
HPH,Harnischfeger Industries,False,,unmapped,HARNISCHFEGER INDUSTRIES,,0,0,0,0,0,,,unmapped,
HPQ,HP Inc.,True,47217,ticker,HP INC,,53,52,0,0,0,2009-09-08,2024-12-13,ok,
HRB,H&R Block,False,12659,name,H AND R BLOCK,,60,60,0,0,0,2009-09-04,2024-11-07,ok,
HRL,Hormel Foods,True,48465,ticker,HORMEL FOODS CORP /DE/,,0,0,0,0,0,,,no_facts,
HSIC,Henry Schein,True,1000228,ticker,HENRY SCHEIN INC,,55,55,0,0,0,2010-08-02,2024-11-05,ok,
HSP,Hospira,False,1274057,name,HOSPIRA,,25,25,0,0,0,2009-07-29,2015-07-29,ok,
HST,Host Hotels & Resorts,True,1070750,ticker,"HOST HOTELS & RESORTS, INC.",,47,47,0,0,0,2009-07-28,2024-11-08,ok,
HSY,Hershey Company (The),True,47111,ticker,HERSHEY CO,,13,13,0,0,0,2009-08-13,2014-02-21,ok,
HUBB,Hubbell Incorporated,True,48898,ticker,HUBBELL INC,,35,35,0,0,0,2016-04-27,2024-10-30,ok,
HUM,Humana,True,49071,ticker,HUMANA INC,,62,62,0,0,0,2009-08-03,2024-10-30,ok,
HWM,Howmet Aerospace,True,4281,ticker,Howmet Aerospace Inc.,,57,57,0,0,0,2009-07-23,2024-11-07,ok,
IBKR,Interactive Brokers,True,1381197,ticker,"Interactive Brokers Group, Inc.",,3,3,0,0,0,2010-09-07,2011-02-28,ok,
IBM,IBM,True,51143,ticker,INTERNATIONAL BUSINESS MACHINES CORP,,61,61,0,0,0,2009-07-28,2024-10-30,ok,
ICE,Intercontinental Exchange,True,1571949,ticker,"Intercontinental Exchange, Inc.",,46,44,2,0,0,2014-02-14,2024-10-31,ok,
IDXX,Idexx Laboratories,True,874716,ticker,IDEXX LABORATORIES INC /DE,,58,58,0,0,0,2010-07-23,2024-10-31,ok,
IEX,IDEX Corporation,True,832101,ticker,IDEX CORP /DE/,,47,47,0,0,0,2010-08-06,2024-10-30,ok,
IFF,International Flavors & Fragrances,True,51253,ticker,INTERNATIONAL FLAVORS & FRAGRANCES INC,,49,49,0,0,0,2010-08-05,2024-11-05,ok,
IGT,International Game Technology,False,,ambiguous,INTERNATIONAL GAME TECHNOLOGY,,0,0,0,0,0,,,ambiguous,
ILMN,"Illumina, Inc.",False,1110803,name,ILLUMINA,,57,57,0,0,0,2010-08-04,2024-11-06,ok,
INCY,Incyte,True,879169,ticker,INCYTE CORP,,52,52,0,0,0,2011-05-03,2024-10-29,ok,
INFO,IHS Markit,False,1598014,name,IHS MARKIT,,22,22,0,0,0,2016-10-07,2022-01-24,ok,
INTC,Intel,True,50863,ticker,INTEL CORP,,62,62,0,0,0,2009-08-03,2024-11-01,ok,
INTU,Intuit,True,896878,ticker,INTUIT INC.,,52,52,0,0,0,2009-12-04,2024-09-04,ok,
INVH,Invitation Homes,True,1687229,ticker,Invitation Homes Inc.,,25,25,0,0,0,2017-05-12,2024-10-31,ok,
IP,International Paper,True,51434,ticker,INTERNATIONAL PAPER CO /NEW/,,51,51,0,0,0,2009-11-06,2024-11-01,ok,
IPG,Interpublic Group,False,,unmapped,INTERPUBLIC GROUP,,0,0,0,0,0,,,unmapped,
IPGP,IPG Photonics,False,1111928,name,IPG PHOTONICS,,41,41,0,0,0,2011-08-08,2024-10-29,ok,
IQV,IQVIA,True,1478242,ticker,IQVIA HOLDINGS INC.,,47,47,0,0,0,2013-05-14,2024-10-31,ok,
IR,Ingersoll Rand,True,1699150,ticker,Ingersoll Rand Inc.,,24,24,0,0,0,2017-08-04,2024-11-01,ok,
IRM,Iron Mountain,True,1020569,ticker,IRON MOUNTAIN INC,,52,52,0,0,0,2010-05-10,2024-11-06,ok,
ISRG,Intuitive Surgical,True,1035267,ticker,INTUITIVE SURGICAL INC,,62,62,0,0,0,2009-07-23,2024-10-18,ok,
IT,Gartner,True,749251,ticker,GARTNER INC,,57,57,0,0,0,2010-08-09,2024-11-05,ok,
ITT,ITT,False,216228,name,ITT,,56,56,0,0,0,2009-08-03,2024-10-29,ok,
ITW,Illinois Tool Works,True,49826,ticker,ILLINOIS TOOL WORKS INC,,62,62,0,0,0,2009-08-07,2024-10-30,ok,
IVZ,Invesco,True,914208,ticker,Invesco Ltd.,,62,61,0,0,0,2009-07-31,2024-10-29,ok,
J,Jacobs Solutions,True,52988,ticker,JACOBS SOLUTIONS INC.,,55,55,0,0,0,2009-07-30,2024-11-25,ok,
JBHT,J.B. Hunt,True,728535,ticker,HUNT J B TRANSPORT SERVICES INC,,49,49,0,0,0,2010-07-30,2024-10-25,ok,
JBL,Jabil Circuit,True,898293,ticker,JABIL INC,,56,56,0,0,0,2011-01-07,2024-10-28,ok,
JCI,Johnson Controls,True,833444,ticker,Johnson Controls International plc,,62,60,0,1,0,2009-07-30,2024-11-19,ok,
JCP,JCPenney,False,,unmapped,JCPENNEY,,0,0,0,0,0,,,unmapped,
JDSU,JDS Uniphase,False,912093,name,JDS UNIPHASE,,57,55,0,0,0,2010-11-12,2024-11-01,ok,
JEF,Jefferies Financial Group,False,96223,name,JEFFERIES FINANCIAL GROUP,,57,57,0,0,0,2009-08-07,2024-10-09,ok,
JKHY,Jack Henry & Associates,True,779152,ticker,JACK HENRY & ASSOCIATES INC,,44,43,0,0,0,2010-11-05,2024-11-08,ok,
JNJ,Johnson & Johnson,True,200406,ticker,JOHNSON & JOHNSON,,52,52,0,0,0,2009-08-04,2024-10-23,ok,
JNPR,Juniper Networks,False,1043604,name,JUNIPER NETWORKS,,54,54,0,0,0,2009-08-07,2024-10-31,ok,
JNS,Janus Capital Group,False,1065865,name,JANUS CAPITAL GROUP,,22,22,0,0,0,2010-07-26,2017-04-20,ok,
JNY,Jones Apparel Group,False,874016,name,JONES APPAREL GROUP,,15,15,0,0,0,2009-10-29,2014-02-18,ok,
JOY,Joy Global,False,801898,name,JOY GLOBAL,,31,31,0,0,0,2009-09-09,2017-03-03,ok,
JPM,JPMorgan Chase,True,19617,ticker,JPMORGAN CHASE & CO,,62,58,0,0,0,2009-08-10,2024-10-30,ok,
JWN,Nordstrom,False,72333,name,NORDSTROM,,62,62,0,0,0,2009-09-09,2024-12-05,ok,
K,Kellanova,False,55067,name,KELLANOVA,,62,62,0,0,0,2009-09-02,2024-10-31,ok,
KBH,KB Home,False,795266,name,KB HOME,,58,57,0,1,0,2010-10-08,2024-10-10,ok,
KDP,Keurig Dr Pepper,True,1418135,ticker,Keurig Dr Pepper Inc.,,48,48,0,0,0,2010-05-06,2024-10-24,ok,
KEY,KeyCorp,True,91576,ticker,KEYCORP /NEW/,,47,47,0,0,0,2009-08-10,2024-11-06,ok,
KEYS,Keysight Technologies,True,1601046,ticker,"Keysight Technologies, Inc.",,40,40,0,0,0,2015-03-05,2024-12-17,ok,
KFT,Kraft Foods,False,1103982,name,KRAFT FOODS,,61,61,0,0,0,2009-08-05,2024-10-29,ok,
KG,King Pharmaceuticals,False,1047699,name,KING PHARMACEUTICALS,,2,2,0,0,0,2010-08-09,2010-11-05,ok,
KHC,Kraft Heinz,True,1637459,ticker,Kraft Heinz Co,,34,32,0,0,0,2015-08-10,2024-10-30,ok,
KIM,Kimco Realty,True,879101,ticker,KIMCO REALTY CORP,,57,57,0,0,0,2009-08-06,2024-10-31,ok,
KKR,KKR & Co.,True,1404912,ticker,KKR & Co. Inc.,,40,40,0,0,0,2011-08-05,2024-11-05,ok,
KLAC,KLA Corporation,True,319201,ticker,KLA CORP,,57,57,0,0,0,2010-11-24,2024-10-31,ok,
KMB,Kimberly-Clark,True,55785,ticker,KIMBERLY CLARK CORP,,60,60,0,0,0,2009-08-07,2024-10-22,ok,
KMI,Kinder Morgan,True,1506307,ticker,"KINDER MORGAN, INC.",,43,43,0,0,0,2014-02-24,2024-10-18,ok,
KMX,CarMax,False,1170010,name,CARMAX,,57,57,0,0,0,2010-10-12,2024-09-27,ok,
KO,Coca-Cola Company (The),True,21344,ticker,COCA COLA CO,,47,46,0,0,1,2009-07-30,2024-10-24,ok,
KR,Kroger,True,56873,ticker,KROGER CO,,62,62,0,0,0,2009-09-23,2024-12-13,ok,
KRFT,Kraft Foods,False,1103982,name,KRAFT FOODS,,61,61,0,0,0,2009-08-05,2024-10-29,ok,
KSE,KeySpan,False,,unmapped,KEYSPAN,,0,0,0,0,0,,,unmapped,
KSS,Kohl's,False,885639,name,KOHL S,,60,58,0,0,0,2009-09-04,2024-12-05,ok,
KSU,Kansas City Southern,False,54480,name,KANSAS CITY SOUTHERN,,55,50,5,0,0,2009-07-30,2021-10-19,ok,
KVUE,Kenvue,True,1944048,ticker,Kenvue Inc.,,5,5,0,0,0,2023-08-02,2024-11-07,ok,
L,Loews Corporation,True,60086,ticker,LOEWS CORP,,62,62,0,0,0,2009-08-06,2024-11-04,ok,
LDOS,Leidos,True,1336920,ticker,"Leidos Holdings, Inc.",,51,51,0,0,0,2010-09-03,2024-10-29,ok,
LDW,Laidlaw,False,,unmapped,LAIDLAW,,0,0,0,0,0,,,unmapped,
LEG,Leggett & Platt,False,58492,name,LEGGETT AND PLATT,,50,50,0,0,0,2010-08-05,2024-11-07,ok,
LEH,Lehman Brothers,False,,unmapped,LEHMAN BROTHERS,,0,0,0,0,0,,,unmapped,
LEN,Lennar,True,920760,ticker,LENNAR CORP /NEW/,,0,0,0,0,0,,,no_facts,
LH,Labcorp,True,920148,ticker,LABCORP HOLDINGS INC.,,47,46,1,0,0,2009-08-28,2024-10-29,ok,
LHX,L3Harris,True,202058,ticker,"L3HARRIS TECHNOLOGIES, INC. /DE/",,47,47,0,0,0,2009-10-28,2024-10-25,ok,
LIFE,Life Technologies,False,1073431,name,LIFE TECHNOLOGIES,,11,11,0,0,0,2010-05-06,2013-11-05,ok,
LII,Lennox International,True,1069202,ticker,LENNOX INTERNATIONAL INC,,58,58,0,0,0,2010-07-27,2024-10-23,ok,
LIN,Linde plc,True,1707925,ticker,LINDE PLC,,26,24,2,0,0,2018-11-09,2024-10-31,ok,
LITE,Lumentum,True,1633978,ticker,Lumentum Holdings Inc.,,29,29,0,0,0,2015-11-17,2024-11-08,ok,
LKQ,LKQ Corporation,False,1065696,name,LKQ,,44,44,0,0,0,2010-07-30,2024-10-24,ok,
LLL,L3 Technologies,False,1039101,name,L3 TECHNOLOGIES,,8,8,0,0,0,2017-04-27,2019-05-01,ok,
LLTC,Linear Technology,False,791907,name,LINEAR TECHNOLOGY,,26,26,0,0,0,2010-11-05,2017-01-31,ok,
LLY,Lilly (Eli),True,59478,ticker,ELI LILLY & Co,,56,56,0,0,0,2009-07-31,2024-10-30,ok,
LM,Legg Mason,False,704051,name,LEGG MASON,,34,30,4,0,0,2009-08-05,2020-07-31,ok,
LMT,Lockheed Martin,True,936468,ticker,LOCKHEED MARTIN CORP,,62,62,0,0,0,2009-07-22,2024-10-22,ok,
LNC,Lincoln National Corporation,False,59558,name,LINCOLN NATIONAL,,51,51,0,0,0,2009-08-07,2024-10-31,ok,
LNT,Alliant Energy,True,352541,ticker,ALLIANT ENERGY CORP,,54,54,0,0,0,2010-08-05,2024-11-01,ok,
LO,Lorillard Tobacco Company,False,,unmapped,LORILLARD TOBACCO,,0,0,0,0,0,,,unmapped,
LOW,Lowe's,True,60667,ticker,LOWES COMPANIES INC,,62,62,0,0,0,2009-09-01,2024-11-27,ok,
LRCX,Lam Research,True,707549,ticker,LAM RESEARCH CORP,,52,52,0,0,0,2010-11-03,2024-10-28,ok,
LSI,LSI Corporation,False,703360,name,LSI,,12,12,0,0,0,2010-08-12,2014-05-01,ok,
LULU,Lululemon Athletica,True,1397187,ticker,lululemon athletica inc.,,58,58,0,0,0,2010-09-10,2024-12-05,ok,
LUMN,Lumen Technologies,False,18926,name,LUMEN TECHNOLOGIES,,44,44,0,0,0,2010-08-06,2024-11-05,ok,
LUV,Southwest Airlines,True,92380,ticker,SOUTHWEST AIRLINES CO,,62,61,0,0,1,2009-04-29,2024-10-28,ok,
LVLT,Level 3 Communications,False,,ambiguous,LEVEL 3 COMMUNICATIONS,,0,0,0,0,0,,,ambiguous,
LVS,Las Vegas Sands,True,1300514,ticker,LAS VEGAS SANDS CORP,,49,49,0,0,0,2010-08-09,2024-10-25,ok,
LW,Lamb Weston,False,,unmapped,LAMB WESTON,,0,0,0,0,0,,,unmapped,
LXK,Lexmark,False,,unmapped,LEXMARK,,0,0,0,0,0,,,unmapped,
LYB,LyondellBasell,True,1489393,ticker,LyondellBasell Industries N.V.,,45,45,0,0,0,2011-09-12,2024-11-01,ok,
LYV,Live Nation Entertainment,True,1335258,ticker,"Live Nation Entertainment, Inc.",,42,42,0,0,0,2011-05-05,2024-11-12,ok,
M,Macy's,False,794367,name,MACY S,,54,54,0,0,0,2009-09-08,2024-12-12,ok,
MA,Mastercard,True,1141391,ticker,Mastercard Inc,,4,4,0,0,0,2009-11-03,2010-11-02,ok,
MAA,Mid-America Apartment Communities,True,912595,ticker,MID AMERICA APARTMENT COMMUNITIES INC.,,50,48,2,0,0,2010-08-05,2024-10-31,ok,
MAC,Macerich,False,912242,name,MACERICH,,44,44,0,0,0,2010-08-09,2024-11-07,ok,
MAR,Marriott International,True,1048286,ticker,MARRIOTT INTERNATIONAL INC /MD/,,60,60,0,0,0,2009-07-17,2024-11-04,ok,
MAS,Masco,True,62996,ticker,MASCO CORP /DE/,,62,62,0,0,0,2009-08-25,2024-10-29,ok,
MAT,Mattel,False,63276,name,MATTEL,,56,55,0,0,0,2009-07-29,2024-10-30,ok,
MBC,MasterBrand,False,1941365,name,MASTERBRAND,,6,6,0,0,0,2023-05-10,2024-11-06,ok,
MBI,MBIA,False,814585,name,MBIA,,44,44,0,0,0,2010-08-09,2024-11-07,ok,
MCD,McDonald's,True,63908,ticker,MCDONALDS CORP,,62,62,0,0,0,2009-08-06,2024-11-07,ok,
MCHP,Microchip Technology,True,827054,ticker,MICROCHIP TECHNOLOGY INC,,51,51,0,0,0,2009-08-10,2024-11-05,ok,
MCK,McKesson Corporation,True,927653,ticker,MCKESSON CORP,,62,62,0,0,0,2009-07-28,2024-11-07,ok,
MCO,Moody's Corporation,True,1059556,ticker,MOODYS CORP /DE/,,61,61,0,0,0,2009-11-05,2024-10-23,ok,
MDLZ,Mondelez International,True,1103982,ticker,"Mondelez International, Inc.",,61,61,0,0,0,2009-08-05,2024-10-29,ok,
MDP,Meredith Corp,False,65011,name,MEREDITH,,6,6,0,0,0,2013-01-24,2014-10-23,ok,
MDT,Medtronic,True,1613103,ticker,Medtronic plc,,40,40,0,0,0,2015-02-27,2024-11-26,ok,
MEE,Massey Energy,False,37748,name,MASSEY ENERGY,,7,7,0,0,0,2009-08-11,2011-05-10,ok,
MET,MetLife,True,1099219,ticker,METLIFE INC,,53,52,0,0,1,2009-08-04,2024-11-01,ok,
META,Meta Platforms,True,1326801,ticker,"Meta Platforms, Inc.",,0,0,0,0,0,,,no_facts,
MFE,McAfee,False,,ambiguous,MCAFEE,,0,0,0,0,0,,,ambiguous,
MGM,MGM Resorts,True,789570,ticker,MGM Resorts International,,44,44,0,0,0,2010-08-09,2024-10-30,ok,
MHK,Mohawk Industries,False,851968,name,MOHAWK INDUSTRIES,,44,44,0,0,0,2010-08-06,2024-10-25,ok,
MHS,Medco Health Solutions,False,1170650,name,MEDCO HEALTH SOLUTIONS,,10,10,0,0,0,2009-07-29,2012-02-21,ok,
MI,Marshall & Ilsley,False,1399315,name,MARSHALL AND ILSLEY,,4,4,0,0,0,2010-08-09,2011-05-10,ok,
MIL,Millipore,False,,unmapped,MILLIPORE,,0,0,0,0,0,,,unmapped,
MJN,Mead Johnson,False,,unmapped,MEAD JOHNSON,,0,0,0,0,0,,,unmapped,
MKC,McCormick & Company,True,63754,ticker,MCCORMICK & CO INC,,0,0,0,0,0,,,no_facts,
MKTX,MarketAxess,False,,unmapped,MARKETAXESS,,0,0,0,0,0,,,unmapped,
MLM,Martin Marietta Materials,True,916076,ticker,MARTIN MARIETTA MATERIALS INC,,51,51,0,0,0,2010-08-03,2024-10-30,ok,
MMI,Motorola Mobility,False,,unmapped,MOTOROLA MOBILITY,,0,0,0,0,0,,,unmapped,
MMM,3M,True,66740,ticker,3M CO,,62,62,0,0,0,2009-07-31,2024-10-22,ok,
MNK,Mallinckrodt,False,1567892,name,MALLINCKRODT,,36,36,0,0,0,2013-08-12,2024-11-05,ok,
MNST,Monster Beverage,True,865752,ticker,Monster Beverage Corp,,47,47,0,0,0,2010-08-09,2024-11-08,ok,
MO,Altria,True,764180,ticker,"ALTRIA GROUP, INC.",,57,57,0,0,0,2009-08-04,2024-10-31,ok,
MOH,Molina Healthcare,False,1179929,name,MOLINA HEALTHCARE,,46,46,0,0,0,2011-07-27,2024-10-24,ok,
MOLX,Molex,False,67472,name,MOLEX,,8,8,0,0,0,2010-10-29,2012-08-09,ok,
MON,Monsanto,False,1110783,name,MONSANTO,,34,30,0,0,0,2010-01-08,2018-04-05,ok,
MOS,Mosaic Company (The),True,1285785,ticker,MOSAIC CO,,37,37,0,0,0,2010-10-29,2024-11-12,ok,
MPC,Marathon Petroleum,True,1510295,ticker,Marathon Petroleum Corp,,46,46,0,0,0,2011-08-09,2024-11-05,ok,
MPWR,Monolithic Power Systems,True,1280452,ticker,"MONOLITHIC POWER SYSTEMS, INC.",,41,41,0,0,0,2011-08-09,2024-11-06,ok,
MRK,Merck & Co.,True,310158,ticker,"Merck & Co., Inc.",,62,61,0,0,1,2009-10-29,2024-11-06,ok,
MRNA,Moderna,True,1682852,ticker,"Moderna, Inc.",,18,18,0,0,0,2019-03-13,2024-11-07,ok,
MRO,Marathon Oil,False,101778,name,MARATHON OIL,,57,54,0,0,0,2009-08-28,2024-11-06,ok,
MRSH,Marsh McLennan,True,62709,ticker,"MARSH & MCLENNAN COMPANIES, INC.",,51,51,0,0,0,2009-08-10,2024-10-17,ok,
MRVL,Marvell Technology,True,1835632,ticker,"Marvell Technology, Inc.",,15,15,0,0,0,2021-06-09,2024-12-04,ok,
MS,Morgan Stanley,True,895421,ticker,MORGAN STANLEY,,62,62,0,0,0,2009-08-07,2024-11-04,ok,
MSCI,MSCI,True,1408198,ticker,MSCI Inc.,,43,43,0,0,0,2012-08-03,2024-10-31,ok,
MSFT,Microsoft,True,789019,ticker,MICROSOFT CORP,,61,61,0,0,0,2009-10-23,2024-10-30,ok,
MSI,Motorola Solutions,True,68505,ticker,"Motorola Solutions, Inc.",,62,62,0,0,0,2009-08-26,2024-11-07,ok,
MTB,M&T Bank,True,36270,ticker,M&T BANK CORP,,57,57,0,0,0,2009-09-03,2024-11-05,ok,
MTCH,Match Group,False,,ambiguous,MATCH GROUP,,0,0,0,0,0,,,ambiguous,
MTD,Mettler Toledo,True,1037646,ticker,METTLER TOLEDO INTERNATIONAL INC/,,54,54,0,0,0,2010-07-23,2024-05-10,ok,
MU,Micron Technology,True,723125,ticker,MICRON TECHNOLOGY INC,,58,58,0,0,0,2010-01-12,2024-12-19,ok,
MUR,Murphy Oil,False,717423,name,MURPHY OIL,,62,62,0,0,0,2009-08-07,2024-11-07,ok,
MWW,Monster Worldwide,False,1020416,name,MONSTER WORLDWIDE,,26,26,0,0,0,2010-07-30,2016-10-31,ok,
MXIM,Maxim Integrated Products,False,743316,name,MAXIM INTEGRATED PRODUCTS,,44,43,1,0,0,2010-11-02,2021-09-07,ok,
NAVI,Navient,False,1593538,name,NAVIENT,,43,42,0,0,0,2014-05-09,2024-10-30,ok,
NBL,Noble Energy,False,72207,name,NOBLE ENERGY,,45,45,0,0,0,2009-07-30,2020-08-03,ok,
NBR,Nabors Industries,False,1163739,name,NABORS INDUSTRIES,,50,50,0,0,0,2009-07-31,2024-11-01,ok,
NCLH,Norwegian Cruise Line Holdings,True,1513761,ticker,Norwegian Cruise Line Holdings Ltd.,,38,38,0,0,0,2013-05-08,2024-11-07,ok,
NCR,NCR Corporation,False,70866,name,NCR,,53,53,0,0,0,2010-08-02,2024-11-07,ok,
NDAQ,"Nasdaq, Inc.",True,1120193,ticker,"NASDAQ, INC.",,55,55,0,0,0,2010-08-04,2024-10-29,ok,
NDSN,Nordson Corporation,True,72331,ticker,NORDSON CORP,,49,49,0,0,0,2010-09-08,2024-12-18,ok,
NE,Noble Corporation,False,,ambiguous,NOBLE,,0,0,0,0,0,,,ambiguous,
NEE,NextEra Energy,True,753308,ticker,NEXTERA ENERGY INC,,62,61,0,0,1,2009-07-31,2024-10-23,ok,
NEM,Newmont,True,1164727,ticker,NEWMONT Corp /DE/,,56,56,0,0,0,2009-04-30,2024-10-24,ok,
NFLX,Netflix,True,1065280,ticker,NETFLIX INC,,63,62,0,1,0,2009-07-31,2024-10-18,ok,
NFX,Newfield Exploration,False,912750,name,NEWFIELD EXPLORATION,,29,29,0,0,0,2009-08-10,2018-10-31,ok,
NI,NiSource,True,1111711,ticker,NISOURCE INC.,,55,55,0,0,0,2010-08-03,2024-10-30,ok,
NKE,"Nike, Inc.",True,320187,ticker,"NIKE, Inc.",,18,18,0,0,0,2009-10-08,2015-07-23,ok,
NKTR,Nektar Therapeutics,False,906709,name,NEKTAR THERAPEUTICS,,42,42,0,0,0,2011-04-29,2024-11-08,ok,
NLSN,Nielsen Holdings,False,1492633,name,NIELSEN HOLDINGS,,46,46,0,0,0,2011-07-28,2022-10-27,ok,
NOC,Northrop Grumman,True,1133421,ticker,NORTHROP GRUMMAN CORP /DE/,,62,62,0,0,0,2009-07-23,2024-10-24,ok,
NOV,Nov,False,1021860,name,NOV,,59,59,0,0,0,2009-08-10,2024-10-25,ok,
NOVL,Novell,False,758004,name,NOVELL,,3,3,0,0,0,2010-09-09,2011-03-14,ok,
NOW,ServiceNow,True,1373715,ticker,"ServiceNow, Inc.",,49,49,0,0,0,2012-08-10,2024-10-24,ok,
NRG,NRG Energy,True,1013871,ticker,"NRG ENERGY, INC.",,54,54,0,0,0,2009-08-25,2024-11-08,ok,
NSC,Norfolk Southern,True,702165,ticker,NORFOLK SOUTHERN CORP,,61,61,0,0,0,2009-10-30,2024-10-22,ok,
NSM,National Semiconductor,False,70530,name,NATIONAL SEMICONDUCTOR,,4,4,0,0,0,2010-09-28,2011-07-27,ok,
NTAP,NetApp,True,1002047,ticker,"NetApp, Inc.",,53,53,0,0,0,2010-09-13,2024-11-25,ok,
NTRS,Northern Trust,True,73124,ticker,NORTHERN TRUST CORP,,57,57,0,0,0,2009-08-03,2024-10-29,ok,
NUE,Nucor,True,73309,ticker,NUCOR CORP,,47,47,0,0,0,2009-08-11,2024-11-06,ok,
NVDA,Nvidia,True,1045810,ticker,NVIDIA CORP,,56,56,0,0,0,2009-08-20,2024-11-20,ok,
NVLS,Novellus Systems,False,836106,name,NOVELLUS SYSTEMS,,6,6,0,0,0,2010-08-04,2012-05-07,ok,
NVR,"NVR, Inc.",True,906163,ticker,NVR INC,,53,53,0,0,0,2010-08-02,2024-11-05,ok,
NWL,Newell Brands,False,814453,name,NEWELL BRANDS,,58,58,0,0,0,2010-08-06,2024-10-25,ok,
NWS,News Corp (Class B),True,1564708,ticker,NEWS CORP,,0,0,0,0,0,,,no_facts,
NWSA,News Corp (Class A),True,1564708,ticker,NEWS CORP,,0,0,0,0,0,,,no_facts,
NXPI,NXP Semiconductors,True,1413447,ticker,NXP Semiconductors N.V.,,23,23,0,0,0,2013-03-27,2024-11-05,ok,
NYT,The New York Times Company,False,71691,name,NEW YORK TIMES,,0,0,0,0,0,,,no_facts,
NYX,NYSE Euronext,False,1368007,name,NYSE EURONEXT,,15,15,0,0,0,2009-05-13,2013-11-05,ok,
O,Realty Income,True,726728,ticker,REALTY INCOME CORP,,55,55,0,0,0,2010-07-29,2024-11-05,ok,
ODFL,Old Dominion,True,878927,ticker,"OLD DOMINION FREIGHT LINE, INC.",,44,44,0,0,0,2010-08-06,2024-11-06,ok,
ODP,Office Depot,False,800240,name,OFFICE DEPOT,,51,51,0,0,0,2010-07-27,2024-11-06,ok,
OGN,Organon & Co.,False,1821825,name,ORGANON AND,,11,11,0,0,0,2021-06-21,2024-11-01,ok,
OI,Owens-Illinois,False,812074,name,OWENS ILLINOIS,,62,61,0,0,0,2009-08-07,2024-10-30,ok,
OKE,Oneok,True,1039684,ticker,ONEOK INC /NEW/,,49,49,0,0,0,2009-08-06,2024-10-30,ok,
OMC,Omnicom Group,True,29989,ticker,OMNICOM GROUP INC.,,60,60,0,0,0,2009-08-06,2024-10-16,ok,
OMX,OfficeMax,False,12978,name,OFFICEMAX,,11,11,0,0,0,2011-04-29,2013-11-05,ok,
ON,ON Semiconductor,True,1097864,ticker,ON SEMICONDUCTOR CORP,,49,46,3,0,0,2010-08-05,2024-10-28,ok,
ORCL,Oracle Corporation,True,1341439,ticker,ORACLE CORP,,62,61,1,0,0,2009-09-21,2024-12-10,ok,
ORLY,O'Reilly Automotive,True,898173,ticker,O REILLY AUTOMOTIVE INC,,45,44,0,0,0,2010-05-07,2024-11-08,ok,
OTIS,Otis Worldwide,True,1781335,ticker,Otis Worldwide Corp,,19,19,0,0,0,2020-05-08,2024-10-31,ok,
OXY,Occidental Petroleum,True,797468,ticker,OCCIDENTAL PETROLEUM CORP /DE/,,62,60,0,0,1,2009-08-06,2024-11-12,ok,
PANW,Palo Alto Networks,True,1327567,ticker,Palo Alto Networks Inc,,38,38,0,0,0,2012-12-10,2024-09-06,ok,
PAYC,Paycom,False,,unmapped,PAYCOM,,0,0,0,0,0,,,unmapped,
PAYX,Paychex,True,723531,ticker,PAYCHEX INC,,62,62,0,0,0,2009-09-23,2024-12-19,ok,
PBCT,People's United Financial,False,1378946,name,PEOPLE S UNITED FINANCIAL,,45,45,0,0,0,2009-08-10,2022-03-31,ok,
PBI,Pitney Bowes,False,78814,name,PITNEY BOWES,,58,58,0,0,0,2009-08-05,2024-11-08,ok,
PCAR,Paccar,True,75362,ticker,PACCAR INC,,62,62,0,0,0,2009-08-28,2024-10-30,ok,
PCG,Pacific Gas & Electric Company,True,1004980,ticker,PG&E Corp,,49,48,1,0,0,2009-08-05,2024-11-07,ok,
PCL,Plum Creek Timber,False,849213,name,PLUM CREEK TIMBER,,20,20,0,0,0,2009-11-04,2016-02-18,ok,
PCP,Precision Castparts Corporation,False,79958,name,PRECISION CASTPARTS,,22,21,1,0,0,2009-08-07,2015-11-05,ok,
PCS,MetroPCS,False,,unmapped,METROPCS,,0,0,0,0,0,,,unmapped,
PDCO,Patterson Companies,False,891024,name,PATTERSON COMPANIES,,57,57,0,0,0,2010-09-09,2024-12-05,ok,
PEG,Public Service Enterprise Group,True,788784,ticker,PUBLIC SERVICE ENTERPRISE GROUP INC,,49,49,0,0,0,2009-08-03,2024-11-04,ok,
PENN,Penn Entertainment,False,921738,name,PENN ENTERTAINMENT,,45,44,0,0,0,2010-08-09,2024-11-07,ok,
PEP,PepsiCo,True,77476,ticker,PEPSICO INC,,60,60,0,0,0,2009-10-08,2024-10-08,ok,
PETM,PetSmart,False,863157,name,PETSMART,,15,14,0,0,0,2010-08-27,2014-11-26,ok,
PFE,Pfizer,True,78003,ticker,PFIZER INC,,47,47,0,0,0,2009-08-06,2024-11-04,ok,
PFG,Principal Financial Group,True,1126328,ticker,PRINCIPAL FINANCIAL GROUP INC,,62,62,0,0,0,2009-08-05,2024-10-30,ok,
PG,Procter & Gamble,True,80424,ticker,PROCTER & GAMBLE Co,,62,61,0,1,0,2009-10-29,2024-10-18,ok,
PGN,Progress Energy,False,1094093,name,PROGRESS ENERGY,,11,9,2,0,0,2009-09-02,2012-02-29,ok,
PGR,Progressive Corporation,True,80661,ticker,PROGRESSIVE CORP/OH/,,62,62,0,0,0,2009-08-10,2024-11-04,ok,
PH,Parker Hannifin,True,76334,ticker,Parker-Hannifin Corp,,62,61,0,1,0,2009-11-03,2024-11-05,ok,
PHM,PulteGroup,True,822416,ticker,PULTEGROUP INC/MI/,,58,58,0,0,0,2010-08-05,2024-10-22,ok,
PKG,Packaging Corporation of America,True,75677,ticker,PACKAGING CORP OF AMERICA,,46,44,2,0,0,2010-08-04,2024-11-07,ok,
PLD,Prologis,True,1045609,ticker,"Prologis, Inc.",,53,53,0,0,0,2010-08-03,2024-10-25,ok,
PLL,Pall Corporation,False,75829,name,PALL,,19,19,0,0,0,2010-12-10,2015-05-21,ok,
PLTR,Palantir Technologies,True,1321655,ticker,Palantir Technologies Inc.,,0,0,0,0,0,,,no_facts,
PM,Philip Morris International,True,1413329,ticker,Philip Morris International Inc.,,62,62,0,0,0,2009-08-14,2024-10-24,ok,
PNC,PNC Financial Services,True,713676,ticker,"PNC FINANCIAL SERVICES GROUP, INC.",,57,56,0,0,0,2009-08-10,2024-11-01,ok,
PNR,Pentair,True,77360,ticker,PENTAIR plc,,59,57,1,1,0,2010-07-29,2024-10-22,ok,
PNW,Pinnacle West Capital,True,764622,ticker,PINNACLE WEST CAPITAL CORP,,48,48,0,0,0,2010-08-03,2024-11-06,ok,
PODD,Insulet Corporation,True,1145197,ticker,INSULET CORP,,41,39,0,0,0,2011-08-09,2024-11-08,ok,
POM,Pepco Holdings,False,1135971,name,PEPCO HOLDINGS,,19,19,0,0,0,2009-10-29,2016-02-19,ok,
POOL,Pool Corporation,False,945841,name,POOL,,44,44,0,0,0,2010-08-02,2024-10-30,ok,
PPG,PPG Industries,True,79879,ticker,PPG INDUSTRIES INC,,61,60,0,0,0,2009-07-27,2024-10-17,ok,
PPL,PPL Corporation,True,922224,ticker,PPL Corp,,61,61,0,0,0,2009-08-25,2024-11-01,ok,
PRGO,Perrigo,False,,ambiguous,PERRIGO,,0,0,0,0,0,,,ambiguous,
PRU,Prudential Financial,True,1137774,ticker,PRUDENTIAL FINANCIAL INC,,50,45,0,0,0,2009-08-07,2024-10-31,ok,
PSA,Public Storage,True,1393311,ticker,Public Storage,,48,47,1,0,0,2009-08-10,2024-10-30,ok,
PSKY,Paramount Skydance Corporation,True,2041610,ticker,Paramount Skydance Corp,,0,0,0,0,0,,,no_facts,
PSX,Phillips 66,True,1534701,ticker,Phillips 66,,51,51,0,0,0,2012-05-16,2024-10-29,ok,
PTC,PTC Inc.,True,857005,ticker,PTC INC.,,47,47,0,0,0,2010-08-12,2024-11-14,ok,
PTV,Pactiv,False,1089976,name,PACTIV,,2,2,0,0,0,2010-08-09,2010-11-09,ok,
PVH,PVH,False,78239,name,PVH,,58,58,0,0,0,2010-10-06,2024-12-09,ok,
PWR,Quanta Services,True,1050915,ticker,"QUANTA SERVICES, INC.",,35,35,0,0,0,2009-08-10,2024-10-31,ok,
PXD,Pioneer Natural Resources,False,1038357,name,PIONEER NATURAL RESOURCES,,50,50,0,0,0,2009-08-12,2024-04-29,ok,
PYPL,PayPal,True,1633917,ticker,"PayPal Holdings, Inc.",,38,38,0,0,0,2015-07-29,2024-10-29,ok,
Q,Qwest Communications,True,2058873,ticker,"Qnity Electronics, Inc.",,0,0,0,0,0,,,no_facts,
QCOM,Qualcomm,True,804328,ticker,QUALCOMM INC/DE,,62,60,2,0,0,2009-07-22,2024-11-06,ok,
QEP,QEP Resources,False,1108827,name,QEP RESOURCES,,38,38,0,0,0,2011-07-29,2021-02-24,ok,
QRVO,Qorvo,False,1604778,name,QORVO,,40,39,1,0,0,2015-02-03,2024-10-30,ok,
QTRN,Quintiles Transnational,False,,unmapped,QUINTILES TRANSNATIONAL,,0,0,0,0,0,,,unmapped,
R,Ryder System,False,85961,name,RYDER SYSTEM,,58,58,0,0,0,2010-07-23,2024-10-24,ok,
RAD,Rite Aid,False,84129,name,RITE AID,,54,54,0,0,0,2010-10-07,2024-07-25,ok,
RAI,Reynolds American,False,1275283,name,REYNOLDS AMERICAN,,33,33,0,0,0,2009-07-31,2017-08-01,ok,
RCL,Royal Caribbean Group,True,884887,ticker,ROYAL CARIBBEAN CRUISES LTD,,53,53,0,0,0,2010-04-29,2024-10-29,ok,
RDC,Rowan Companies,False,85408,name,ROWAN COMPANIES,,36,35,0,0,0,2009-08-10,2019-02-27,ok,
RDDT,Reddit,True,1713445,ticker,"Reddit, Inc.",,0,0,0,0,0,,,no_facts,
REG,Regency Centers,True,910606,ticker,REGENCY CENTERS CORP,,49,48,1,0,0,2010-08-09,2024-11-01,ok,
REGN,Regeneron Pharmaceuticals,True,872589,ticker,"REGENERON PHARMACEUTICALS, INC.",,9,9,0,0,0,2010-07-28,2012-07-25,ok,
RF,Regions Financial Corporation,True,1281761,ticker,REGIONS FINANCIAL CORP,,52,52,0,0,0,2009-08-05,2024-11-05,ok,
RHI,Robert Half,False,315213,name,ROBERT HALF,,58,58,0,0,0,2010-08-02,2024-10-30,ok,
RHT,Red Hat,False,1087423,name,RED HAT,,36,36,0,0,0,2010-10-08,2019-06-28,ok,
RIG,Transocean,False,1451505,name,TRANSOCEAN,,52,52,0,0,0,2009-08-14,2024-10-31,ok,
RJF,Raymond James Financial,True,720005,ticker,RAYMOND JAMES FINANCIAL INC,,43,43,0,0,0,2010-08-06,2024-08-06,ok,
RL,Ralph Lauren Corporation,True,1037038,ticker,RALPH LAUREN CORP,,0,0,0,0,0,,,no_facts,
RMD,ResMed|,True,943819,ticker,RESMED INC,,57,56,1,0,0,2010-11-03,2024-10-25,ok,
ROK,Rockwell Automation,True,1024478,ticker,"ROCKWELL AUTOMATION, INC",,63,62,0,1,0,2009-08-04,2024-11-12,ok,
ROL,"Rollins, Inc.",True,84839,ticker,ROLLINS INC,,58,58,0,0,0,2010-07-30,2024-10-24,ok,
ROP,Roper Technologies,True,882835,ticker,ROPER TECHNOLOGIES INC,,53,52,0,0,1,2009-08-17,2024-11-01,ok,
ROST,Ross Stores,True,745732,ticker,"ROSS STORES, INC.",,54,54,0,0,0,2010-06-09,2024-12-11,ok,
RRC,Range Resources,False,315852,name,RANGE RESOURCES,,47,47,0,0,0,2009-07-23,2024-10-22,ok,
RRD,RR Donnelley,False,,unmapped,RR DONNELLEY,,0,0,0,0,0,,,unmapped,
RSG,Republic Services,True,1060391,ticker,"REPUBLIC SERVICES, INC.",,60,59,0,0,1,2009-08-07,2024-10-30,ok,
RSH,RadioShack,False,96289,name,RADIOSHACK,,16,16,0,0,0,2010-07-29,2014-12-12,ok,
RTN,Raytheon Company,False,1047122,name,RAYTHEON,,41,41,0,0,0,2009-07-23,2020-04-01,ok,
RTX,RTX Corporation,True,101829,ticker,RTX Corp,,63,62,0,1,0,2009-07-24,2024-10-22,ok,
RVTY,Revvity,True,31791,ticker,"REVVITY, INC.",,44,44,0,0,0,2010-08-10,2024-11-06,ok,
RX,IMS Health,False,,unmapped,IMS HEALTH,,0,0,0,0,0,,,unmapped,
S,Sprint Nextel,False,101830,name,SPRINT NEXTEL,,32,31,0,0,0,2009-08-04,2020-01-27,ok,
SAI,SAIC,False,1336920,name,SAIC,,51,51,0,0,0,2010-09-03,2024-10-29,ok,
SBAC,SBA Communications,True,1034054,ticker,SBA COMMUNICATIONS CORP,,45,45,0,0,0,2010-08-04,2024-11-01,ok,
SBL,Symbol Technologies,False,,unmapped,SYMBOL TECHNOLOGIES,,0,0,0,0,0,,,unmapped,
SBNY,Signature Bank,False,,unmapped,SIGNATURE BANK,,0,0,0,0,0,,,unmapped,
SBUX,Starbucks,True,829224,ticker,STARBUCKS CORP,,62,61,0,0,0,2009-08-05,2024-11-20,ok,
SCG,SCANA,False,754737,name,SCANA,,27,26,1,0,0,2010-08-04,2018-11-05,ok,
SCHW,Charles Schwab Corporation,True,316709,ticker,SCHWAB CHARLES CORP,,45,45,0,0,0,2009-08-06,2020-08-07,ok,
SE,Spectra Energy,False,1373835,name,SPECTRA ENERGY,,31,31,0,0,0,2009-08-07,2017-02-24,ok,
SEDG,SolarEdge,False,,unmapped,SOLAREDGE,,0,0,0,0,0,,,unmapped,
SEE,Sealed Air,False,1012100,name,SEALED AIR,,53,53,0,0,0,2010-08-11,2024-11-07,ok,
SGP,Schering-Plough,False,310158,name,SCHERING PLOUGH,,62,61,0,0,1,2009-10-29,2024-11-06,ok,
SHLD,Sears Holdings,False,1310067,name,SEARS HOLDINGS,,31,31,0,0,0,2010-08-20,2018-12-13,ok,
SHW,Sherwin-Williams,True,89800,ticker,SHERWIN WILLIAMS CO,,62,62,0,0,0,2009-07-31,2024-10-22,ok,
SIAL,Sigma-Aldrich,False,90185,name,SIGMA ALDRICH,,26,26,0,0,0,2009-08-03,2015-11-03,ok,
SIG,Signet Jewelers,False,832988,name,SIGNET JEWELERS,,58,58,0,0,0,2010-08-27,2024-12-05,ok,
SII,Smith International,False,721083,name,SMITH INTERNATIONAL,,4,4,0,0,0,2009-08-07,2010-08-06,ok,
SIVB,SVB Financial Group,False,719739,name,SVB FINANCIAL GROUP,,51,51,0,0,0,2010-08-06,2023-02-24,ok,
SJM,J.M. Smucker Company (The),True,91419,ticker,J M SMUCKER Co,,56,56,0,0,0,2010-09-09,2024-11-26,ok,
SLB,Schlumberger,True,87347,ticker,SLB LIMITED/NV,,63,62,0,1,0,2009-07-29,2024-10-23,ok,
SLE,Sara Lee Corporation,False,23666,name,SARA LEE,,19,19,0,0,0,2009-11-05,2014-08-22,ok,
SLG,SL Green Realty,False,1040971,name,SL GREEN REALTY,,46,46,0,0,0,2010-08-09,2024-10-31,ok,
SLM,SLM Corporation,False,1032033,name,SLM,,62,62,0,0,0,2009-08-05,2024-10-23,ok,
SLR,Solectron,False,,unmapped,SOLECTRON,,0,0,0,0,0,,,unmapped,
SMCI,Supermicro,True,1375365,ticker,"Super Micro Computer, Inc.",,37,37,0,0,0,2011-11-07,2024-05-06,ok,
SMS,Shared Medical Systems,False,,unmapped,SHARED MEDICAL SYSTEMS,,0,0,0,0,0,,,unmapped,
SNA,Snap-on,True,91440,ticker,Snap-on Inc,,58,58,0,0,0,2010-07-28,2024-10-17,ok,
SNDK,SanDisk,True,2023554,ticker,Sandisk Corp,,0,0,0,0,0,,,no_facts,
SNI,Scripps Networks Interactive,False,1430602,name,SCRIPPS NETWORKS INTERACTIVE,,5,5,0,0,0,2010-08-09,2011-11-09,ok,
SNPS,Synopsys,True,883241,ticker,SYNOPSYS INC,,58,58,0,0,0,2010-09-08,2024-12-19,ok,
SO,Southern Company,True,92122,ticker,SOUTHERN CO,,62,62,0,0,0,2009-08-27,2024-10-31,ok,
SOLS,Solstice Advanced Materials,False,2064953,name,SOLSTICE ADVANCED MATERIALS,,0,0,0,0,0,,,no_facts,
SOLV,Solventum,True,1964738,ticker,Solventum Corp,,3,3,0,0,0,2024-05-10,2024-11-08,ok,
SPG,Simon Property Group,True,1063761,ticker,SIMON PROPERTY GROUP INC.,,4,2,0,0,2,2009-09-04,2009-11-05,ok,
SPGI,S&P Global,True,64040,ticker,S&P Global Inc.,,62,62,0,0,0,2009-07-29,2024-10-25,ok,
SPLS,Staples,False,791519,name,STAPLES,,30,30,0,0,0,2009-08-25,2017-08-24,ok,
SRCL,Stericycle,False,861878,name,STERICYCLE,,48,47,0,0,0,2010-08-09,2024-11-01,ok,
SRE,Sempra,True,1032208,ticker,SEMPRA,,51,49,1,0,1,2010-02-26,2024-11-06,ok,
STE,Steris,True,1757898,ticker,STERIS plc,,17,17,0,0,0,2019-08-07,2024-11-07,ok,
STI,SunTrust Banks,False,750556,name,SUNTRUST BANKS,,36,35,0,0,0,2009-08-10,2019-10-31,ok,
STJ,St Jude Medical,False,203077,name,ST JUDE MEDICAL,,23,23,0,0,0,2009-08-12,2016-11-07,ok,
STLD,Steel Dynamics,True,1022671,ticker,STEEL DYNAMICS INC,,48,48,0,0,0,2009-08-07,2024-11-08,ok,
STR,Questar,False,751652,name,QUESTAR,,29,28,1,0,0,2009-09-02,2016-08-04,ok,
STT,State Street Corporation,True,93751,ticker,STATE STREET CORP,,62,62,0,0,0,2009-08-10,2024-10-31,ok,
STX,Seagate Technology,True,1137789,ticker,Seagate Technology Holdings plc,,56,55,1,0,0,2010-11-03,2024-10-25,ok,
STZ,Constellation Brands,True,16918,ticker,"CONSTELLATION BRANDS, INC.",,0,0,0,0,0,,,no_facts,
SUN,Sunoco,False,,ambiguous,SUNOCO,,0,0,0,0,0,,,ambiguous,
SVU,Supervalu,False,95521,name,SUPERVALU,,38,38,0,0,0,2009-07-29,2018-10-15,ok,
SW,Smurfit Westrock,True,2005951,ticker,Smurfit Westrock plc,,2,1,1,0,0,2024-11-08,2024-11-08,ok,
SWK,Stanley Black & Decker,True,93556,ticker,"STANLEY BLACK & DECKER, INC.",,51,51,0,0,0,2010-07-30,2024-10-29,ok,
SWKS,Skyworks Solutions,True,4127,ticker,"SKYWORKS SOLUTIONS, INC.",,56,55,1,0,0,2010-05-11,2024-11-15,ok,
SWN,Southwestern Energy,False,7332,name,SOUTHWESTERN ENERGY,,45,45,0,0,0,2009-08-20,2024-08-01,ok,
SWY,Safeway,False,86144,name,SAFEWAY,,19,18,1,0,0,2009-05-06,2014-10-15,ok,
SYF,Synchrony Financial,True,1601712,ticker,Synchrony Financial,,37,37,0,0,0,2014-09-05,2024-10-23,ok,
SYK,Stryker Corporation,True,310764,ticker,STRYKER CORP,,62,62,0,0,0,2009-09-03,2024-10-30,ok,
SYY,Sysco,True,96021,ticker,SYSCO CORP,,57,57,0,0,0,2009-11-03,2024-10-30,ok,
T,AT&T,True,732717,ticker,AT&T INC.,,61,59,0,0,1,2009-08-05,2024-10-29,ok,
TAP,Molson Coors Beverage Company,True,24545,ticker,MOLSON COORS BEVERAGE CO,,3,0,0,0,3,,,no_facts,
TDC,Teradata,False,816761,name,TERADATA,,58,58,0,0,0,2010-08-05,2024-11-05,ok,
TDG,TransDigm Group,True,1260221,ticker,TransDigm Group INC,,57,57,0,0,0,2010-08-11,2024-11-07,ok,
TDY,Teledyne Technologies,True,1094285,ticker,TELEDYNE TECHNOLOGIES INC,,44,44,0,0,0,2010-08-10,2024-10-28,ok,
TE,TECO Energy,False,350563,name,TECO ENERGY,,18,16,2,0,0,2012-08-03,2016-05-05,ok,
TECH,Bio-Techne,True,842023,ticker,BIO-TECHNE Corp,,43,43,0,0,0,2010-11-09,2024-11-05,ok,
TEG,Integrys Energy Group,False,916863,name,INTEGRYS ENERGY GROUP,,16,15,1,0,0,2010-08-05,2015-05-05,ok,
TEL,TE Connectivity,True,1385157,ticker,TE Connectivity plc,,62,62,0,0,0,2009-07-31,2024-11-12,ok,
TER,Teradyne,True,97210,ticker,"TERADYNE, INC",,44,44,0,0,0,2010-08-12,2024-11-01,ok,
TFC,Truist Financial,True,92230,ticker,TRUIST FINANCIAL CORP,,62,60,1,0,0,2009-11-09,2024-11-01,ok,
TFX,Teleflex,False,96943,name,TELEFLEX,,49,49,0,0,0,2010-07-23,2024-10-31,ok,
TGNA,Tegna,False,39899,name,TEGNA,,58,58,0,0,0,2009-07-30,2024-11-07,ok,
TGT,Target Corporation,True,27419,ticker,TARGET CORP,,61,61,0,0,0,2009-08-28,2024-11-27,ok,
THC,Tenet Healthcare,False,70318,name,TENET HEALTHCARE,,58,58,0,0,0,2010-08-03,2024-10-29,ok,
TIE,Titanium Metals,False,1011657,name,TITANIUM METALS,,8,8,0,0,0,2010-08-03,2012-11-13,ok,
TIF,Tiffany & Co,False,98246,name,TIFFANY AND,,32,32,0,0,0,2010-09-02,2020-11-24,ok,
TJX,TJX Companies,True,109198,ticker,TJX COMPANIES INC /DE/,,55,55,0,0,0,2009-08-28,2024-12-04,ok,
TKO,TKO Group Holdings,True,1973266,ticker,"TKO Group Holdings, Inc.",,0,0,0,0,0,,,no_facts,
TLAB,Tellabs,False,317771,name,TELLABS,,11,10,0,0,0,2010-08-10,2013-10-31,ok,
TMC,Times Mirror,False,,unmapped,TIMES MIRROR,,0,0,0,0,0,,,unmapped,
TMO,Thermo Fisher Scientific,True,97745,ticker,THERMO FISHER SCIENTIFIC INC.,,62,59,0,0,0,2009-07-31,2024-11-01,ok,
TMUS,T-Mobile US,True,1283699,ticker,"T-Mobile US, Inc.",,56,56,0,0,0,2010-08-09,2024-10-23,ok,
TPL,Texas Pacific Land Corporation,True,1811074,ticker,Texas Pacific Land Corp,,16,16,0,0,0,2021-02-25,2024-11-06,ok,
TPR,"Tapestry, Inc.",True,1116132,ticker,"TAPESTRY, INC.",,61,61,0,0,0,2009-11-04,2024-11-07,ok,
TRB,Tribune Media,False,726513,name,TRIBUNE MEDIA,,0,0,0,0,0,,,no_facts,
TRGP,Targa Resources,True,1389170,ticker,Targa Resources Corp.,,48,48,0,0,0,2011-08-19,2024-11-05,ok,
TRIP,TripAdvisor,False,1526520,name,TRIPADVISOR,,1,1,0,0,0,2011-12-06,2011-12-06,ok,
TRMB,Trimble Inc.,True,864749,ticker,TRIMBLE INC.,,43,42,0,1,0,2010-08-10,2023-11-03,ok,
TROW,T. Rowe Price,True,1113169,ticker,PRICE T ROWE GROUP INC,,61,61,0,0,0,2009-07-24,2024-11-01,ok,
TRV,Travelers Companies (The),True,86312,ticker,"TRAVELERS COMPANIES, INC.",,62,62,0,0,0,2009-08-05,2024-10-17,ok,
TSCO,Tractor Supply,True,916365,ticker,TRACTOR SUPPLY CO /DE/,,57,57,0,0,0,2010-11-02,2024-11-07,ok,
TSG,Sabre Corporation,False,1597033,name,SABRE,,40,40,0,0,0,2014-05-15,2024-10-31,ok,
TSLA,"Tesla, Inc.",True,1318605,ticker,"Tesla, Inc.",,54,54,0,0,0,2011-08-12,2024-10-24,ok,
TSN,Tyson Foods,True,100493,ticker,"TYSON FOODS, INC.",,0,0,0,0,0,,,no_facts,
TSS,TSYS,False,,unmapped,TSYS,,0,0,0,0,0,,,unmapped,
TT,Trane Technologies,True,1466258,ticker,Trane Technologies plc,,61,61,0,0,0,2009-08-06,2024-10-30,ok,
TTD,Trade Desk (The),True,1671933,ticker,"Trade Desk, Inc.",,0,0,0,0,0,,,no_facts,
TTWO,Take-Two Interactive,True,946581,ticker,TAKE TWO INTERACTIVE SOFTWARE INC,,54,54,0,0,0,2010-09-03,2024-11-07,ok,
TWC,Time Warner Cable,False,1377013,name,TIME WARNER CABLE,,23,23,0,0,0,2010-04-29,2016-04-28,ok,
TWTR,Twitter,False,1418091,name,TWITTER,,31,31,0,0,0,2014-05-08,2022-07-26,ok,
TWX,Time Warner,False,1105705,name,TIME WARNER,,30,30,0,0,0,2009-07-29,2018-04-26,ok,
TXN,Texas Instruments,True,97476,ticker,TEXAS INSTRUMENTS INC,,57,57,0,0,0,2009-07-29,2024-10-23,ok,
TXT,Textron,True,217346,ticker,TEXTRON INC,,62,62,0,0,0,2009-07-31,2024-10-24,ok,
TYC,Tyco International,False,,ambiguous,TYCO INTERNATIONAL,,0,0,0,0,0,,,ambiguous,
TYL,Tyler Technologies,True,860731,ticker,TYLER TECHNOLOGIES INC,,43,43,0,0,0,2011-07-28,2024-10-23,ok,
UA,Under Armour (Class C),False,1336917,name,UNDER ARMOUR,,0,0,0,0,0,,,no_facts,
UAA,Under Armour (Class A),False,1336917,name,UNDER ARMOUR,,0,0,0,0,0,,,no_facts,
UAL,United Airlines Holdings,True,100517,ticker,"United Airlines Holdings, Inc.",,47,47,0,0,0,2011-04-21,2024-10-16,ok,
UBER,Uber,True,1543151,ticker,"Uber Technologies, Inc",,18,18,0,0,0,2019-08-09,2024-10-31,ok,
UDR,"UDR, Inc.",True,74208,ticker,"UDR, Inc.",,46,46,0,0,0,2010-08-03,2024-10-31,ok,
UHS,Universal Health Services,True,352915,ticker,UNIVERSAL HEALTH SERVICES INC,,0,0,0,0,0,,,no_facts,
ULTA,Ulta Beauty,True,1403568,ticker,"Ulta Beauty, Inc.",,55,55,0,0,0,2011-06-07,2024-12-05,ok,
UNH,UnitedHealth Group,True,731766,ticker,UNITEDHEALTH GROUP INC,,62,62,0,0,0,2009-08-06,2024-11-04,ok,
UNM,Unum,False,,unmapped,UNUM,,0,0,0,0,0,,,unmapped,
UNP,Union Pacific Corporation,True,100885,ticker,UNION PACIFIC CORP,,62,62,0,0,0,2009-07-24,2024-10-24,ok,
UPS,United Parcel Service,True,1090727,ticker,UNITED PARCEL SERVICE INC,,2,2,0,0,0,2009-11-06,2010-02-26,ok,
URBN,Urban Outfitters,False,912615,name,URBAN OUTFITTERS,,58,58,0,0,0,2010-09-08,2024-12-10,ok,
URI,United Rentals,True,1067701,ticker,"UNITED RENTALS, INC.",,54,54,0,0,0,2011-07-19,2024-10-23,ok,
USB,U.S. Bancorp,True,36104,ticker,US BANCORP \DE\,,61,61,0,0,0,2009-08-10,2024-11-05,ok,
USL,USLife,False,,unmapped,USLIFE,,0,0,0,0,0,,,unmapped,
V,Visa Inc.,True,1403161,ticker,VISA INC.,,2,2,0,0,0,2009-11-20,2010-02-03,ok,
VAR,Varian Medical Systems,False,203527,name,VARIAN MEDICAL SYSTEMS,,40,40,0,0,0,2009-08-11,2021-02-09,ok,
VEEV,Veeva Systems,True,1393052,ticker,VEEVA SYSTEMS INC,,5,5,0,0,0,2023-12-07,2024-12-09,ok,
VFC,VF Corporation,False,,unmapped,VF,,0,0,0,0,0,,,unmapped,
VIAB,Viacom,False,1339947,name,VIACOM,,4,2,2,0,0,2009-11-03,2010-04-29,ok,
VICI,Vici Properties,True,1705696,ticker,VICI PROPERTIES INC.,,23,23,0,0,0,2017-11-13,2024-10-31,ok,
VLO,Valero Energy,True,1035002,ticker,VALERO ENERGY CORP/TX,,57,57,0,0,0,2009-08-07,2024-10-30,ok,
VLTO,Veralto,True,1967680,ticker,Veralto Corp,,4,4,0,0,0,2023-10-26,2024-10-24,ok,
VMC,Vulcan Materials Company,True,1396009,ticker,Vulcan Materials CO,,58,58,0,0,0,2009-08-05,2024-10-30,ok,
VMRK,Vivmark Residential,True,906107,ticker,VIVMARK RESIDENTIAL,,53,52,0,0,1,2009-08-06,2024-11-04,ok,
VNO,Vornado Realty Trust,False,899689,name,VORNADO REALTY TRUST,,63,62,0,1,0,2009-08-21,2024-11-04,ok,
VNT,Vontier,False,1786842,name,VONTIER,,15,15,0,0,0,2020-10-30,2024-10-31,ok,
VRSK,Verisk Analytics,True,1442145,ticker,"Verisk Analytics, Inc.",,40,39,0,0,1,2012-07-31,2024-10-30,ok,
VRSN,Verisign,True,1014473,ticker,VERISIGN INC/CA,,58,58,0,0,0,2009-08-06,2024-10-24,ok,
VRT,Vertiv,True,1674101,ticker,Vertiv Holdings Co,,15,15,0,0,0,2020-03-12,2024-10-25,ok,
VRTX,Vertex Pharmaceuticals,True,875320,ticker,VERTEX PHARMACEUTICALS INC / MA,,58,58,0,0,0,2010-05-03,2024-11-05,ok,
VST,Vistra Corp.,True,1692819,ticker,Vistra Corp.,,23,23,0,0,0,2017-08-04,2024-11-08,ok,
VTR,Ventas,True,740260,ticker,"Ventas, Inc.",,58,58,0,0,0,2009-08-05,2024-10-31,ok,
VTRS,Viatris,True,1792044,ticker,Viatris Inc,,15,12,3,0,0,2021-04-30,2024-11-07,ok,
VZ,Verizon,True,732712,ticker,VERIZON COMMUNICATIONS INC,,61,61,0,0,0,2009-07-30,2024-10-25,ok,
WAB,Wabtec,True,943452,ticker,WESTINGHOUSE AIR BRAKE TECHNOLOGIES CORP,,50,50,0,0,0,2010-08-05,2024-10-23,ok,
WAT,Waters Corporation,True,1000697,ticker,WATERS CORP /DE/,,47,47,0,0,0,2009-08-07,2024-11-01,ok,
WB,Wachovia Bank,False,,unmapped,WACHOVIA BANK,,0,0,0,0,0,,,unmapped,
WBA,Walgreens Boots Alliance,False,1618921,name,WALGREENS BOOTS ALLIANCE,,40,39,1,0,0,2015-04-09,2024-10-15,ok,
WBD,Warner Bros. Discovery,True,1437107,ticker,"Warner Bros. Discovery, Inc.",,12,12,0,0,0,2010-02-22,2024-11-07,ok,
WCG,WellCare,False,,unmapped,WELLCARE,,0,0,0,0,0,,,unmapped,
WDAY,"Workday, Inc.",True,1327811,ticker,"Workday, Inc.",,23,23,0,0,0,2012-12-07,2018-12-03,ok,
WDC,Western Digital,True,106040,ticker,WESTERN DIGITAL CORP,,57,57,0,0,0,2009-10-29,2024-10-31,ok,
WEC,WEC Energy Group,True,783325,ticker,"WEC ENERGY GROUP, INC.",,62,62,0,0,0,2009-08-04,2024-11-01,ok,
WELL,Welltower,True,766704,ticker,WELLTOWER INC.,,56,55,0,0,0,2010-08-06,2024-10-29,ok,
WFC,Wells Fargo,True,72971,ticker,WELLS FARGO & COMPANY/MN,,57,57,0,0,0,2009-08-07,2024-10-31,ok,
WFM,Whole Foods Market,False,865436,name,WHOLE FOODS MARKET,,24,23,1,0,0,2010-08-13,2017-08-04,ok,
WFR,MEMC Electronic Materials,False,945436,name,MEMC ELECTRONIC MATERIALS,,20,20,0,0,0,2009-08-05,2015-11-09,ok,
WHR,Whirlpool Corporation,False,106640,name,WHIRLPOOL,,57,56,1,0,0,2010-07-20,2024-10-24,ok,
WIN,Windstream Communications,False,,unmapped,WINDSTREAM COMMUNICATIONS,,0,0,0,0,0,,,unmapped,
WLTW,Willis Towers Watson,False,1140536,name,WILLIS TOWERS WATSON,,43,43,0,0,0,2011-05-10,2024-10-31,ok,
WM,Waste Management,True,823768,ticker,WASTE MANAGEMENT INC,,62,62,0,0,0,2009-07-30,2024-10-28,ok,
WMB,Williams Companies,True,107263,ticker,"WILLIAMS COMPANIES, INC.",,47,47,0,0,0,2009-08-27,2024-11-06,ok,
WMT,Walmart,True,104169,ticker,Walmart Inc.,,62,62,0,0,0,2009-09-09,2024-12-06,ok,
WPX,WPX Energy,False,1518832,name,WPX ENERGY,,27,27,0,0,0,2012-05-04,2020-11-03,ok,
WRB,W. R. Berkley Corporation,True,11544,ticker,BERKLEY W R CORP,,47,47,0,0,0,2010-08-06,2024-11-04,ok,
WSM,"Williams-Sonoma, Inc.",True,719955,ticker,WILLIAMS SONOMA INC,,58,58,0,0,0,2010-09-10,2024-11-22,ok,
WST,West Pharmaceutical Services,True,105770,ticker,WEST PHARMACEUTICAL SERVICES INC,,58,57,1,0,0,2010-11-05,2024-10-24,ok,
WTW,Willis Towers Watson,True,1140536,ticker,WILLIS TOWERS WATSON PLC,,43,43,0,0,0,2011-05-10,2024-10-31,ok,
WU,Western Union,False,1365135,name,WESTERN UNION,,53,53,0,0,0,2009-05-04,2024-10-23,ok,
WY,Weyerhaeuser,True,106535,ticker,WEYERHAEUSER CO,,62,62,0,0,0,2009-08-10,2024-10-25,ok,
WYN,Wyndham Worldwide,False,1361658,name,WYNDHAM WORLDWIDE,,57,57,0,0,0,2010-07-30,2024-10-23,ok,
WYNN,Wynn Resorts,True,1174922,ticker,WYNN RESORTS LTD,,50,50,0,0,0,2010-08-09,2024-11-04,ok,
X,United States Steel,False,1163302,name,UNITED STATES STEEL,,54,54,0,0,0,2009-07-28,2024-11-01,ok,
XEC,Cimarex Energy,False,1168054,name,CIMAREX ENERGY,,45,44,0,0,0,2009-08-07,2021-08-06,ok,
XEL,Xcel Energy,True,72903,ticker,XCEL ENERGY INC,,51,51,0,0,0,2009-07-31,2024-10-31,ok,
XL,XL Group,False,875159,name,XL GROUP,,26,25,0,0,1,2010-08-06,2018-08-03,ok,
XLNX,Xilinx,False,743988,name,XILINX,,46,45,1,0,0,2010-08-09,2022-01-27,ok,
XOM,ExxonMobil,True,2115436,ticker,ExxonMobil Holdings Corp,34088,62,62,0,0,0,2009-08-05,2024-11-04,ok,
XRAY,Dentsply Sirona,False,818479,name,DENTSPLY SIRONA,,51,49,0,0,0,2009-07-30,2024-11-07,ok,
XRX,Xerox,False,108772,name,XEROX,,41,41,0,0,0,2009-08-03,2019-08-06,ok,
XTO,XTO Energy,False,868809,name,XTO ENERGY,,3,3,0,0,0,2009-08-06,2010-05-06,ok,
XYL,Xylem Inc.,True,1524472,ticker,Xylem Inc.,,46,46,0,0,0,2011-11-21,2024-10-31,ok,
XYZ,"Block, Inc.",True,1512673,ticker,"Block, Inc.",,0,0,0,0,0,,,no_facts,
YHOO,Yahoo!,False,1011006,name,YAHOO,,28,28,0,0,0,2009-08-07,2017-05-09,ok,
YUM,Yum! Brands,True,1041061,ticker,YUM BRANDS INC,,57,56,1,0,0,2009-10-13,2024-11-07,ok,
ZBH,Zimmer Biomet,True,1136869,ticker,"ZIMMER BIOMET HOLDINGS, INC.",,56,56,0,0,0,2009-08-17,2024-10-30,ok,
ZBRA,Zebra Technologies,True,877212,ticker,ZEBRA TECHNOLOGIES CORP,,55,55,0,0,0,2010-08-17,2024-10-29,ok,
ZION,Zions Bancorporation,False,109380,name,ZIONS BANCORPORATION,,52,52,0,0,0,2010-08-09,2024-11-07,ok,
ZTS,Zoetis,True,1555280,ticker,Zoetis Inc.,,43,43,0,0,0,2013-08-14,2024-11-04,ok,
