horizon,date,observations,k_over_t_eff,cond_style,repair_fired,repair_floored,bartlett_fired,scored,min_eig_ewma,min_eig_newey_west,min_eig_psd_repair,min_eig_eigen_a1,min_eig_eigen_a1.4,amplitude,lambda_raw_top,lambda_raw_bottom,lambda_raw_bulk_min,factors_present,unentered_names,names,singletons,short_history,exact_zero,structural_r2,max_z,bartlett_fallbacks_specific,target_shift,lambda_f2_a1,lambda_f2_a1.4,lambda_s2
short,2007-06-29,62,0.84044,3.54111,True,1,False,False,0.18242,-0.829026,-6.42326e-13,,,,,,,,,,,,,,,,,,,
short,2007-07-31,83,0.638288,3.32336,False,0,False,False,1.63022,0.318674,0.318674,-1.07663e-12,-2.31818e-11,2.77824,0.855647,10.1009,0.887216,51,0,305,8,8,0,0.802045,9.07076,0,0.0175101,,,
short,2007-08-31,106,0.51142,2.87431,False,0,False,False,3.37392,1.21419,1.21419,-1.91687e-11,-5.90576e-12,1.57149,0.893653,4.76525,0.90929,51,0,305,8,8,0,0.817877,5.06307,0,0.0155487,1.72374,1.54136,2.15621
short,2007-09-28,125,0.443545,2.82839,False,0,False,False,3.41832,1.33321,1.33321,-1.04033e-11,-9.28412e-13,1.24868,0.904581,3.9626,0.893816,51,0,306,8,8,0,0.819276,9.81887,0,0.0177369,1.33489,1.22102,1.49253
short,2007-10-31,148,0.386394,2.94161,False,0,False,False,7.21217,3.46106,3.46106,-4.07743e-12,-4.53249e-12,0.913089,0.925797,2.48461,0.882804,51,0,308,8,9,0,0.83101,21.8235,0,0.0204796,1.36862,1.27946,1.53871
short,2007-11-30,169,0.349165,2.90574,False,0,False,False,21.4463,13.2172,13.2172,-7.02615e-12,-5.48466e-12,0.723926,0.9416,1.78765,0.910582,51,0,308,8,8,0,0.822605,18.6487,0,0.0104108,1.55418,1.48015,1.52208
short,2007-12-31,189,0.322438,3.01077,False,0,False,False,32.7177,22.3172,22.3172,-8.25869e-13,-6.70026e-12,0.635129,0.941799,1.58446,0.914099,51,0,311,8,8,0,0.793828,17.4088,1,0.0211368,1.36867,1.31334,1.38059
short,2008-01-31,210,0.300788,3.19678,False,0,False,False,44.9958,32.5587,32.5587,-4.65574e-12,-1.44777e-12,0.561199,0.959069,1.50658,0.917104,51,0,311,8,8,0,0.821164,16.7568,0,0.013532,1.87141,1.81815,1.73175
short,2008-02-29,230,0.284615,3.21742,False,0,False,False,57.1614,44.5587,44.5587,-4.64274e-12,-2.29201e-12,0.515249,0.95597,1.42625,0.921976,51,0,311,8,8,0,0.843303,17.9423,0,0.0145845,1.6336,1.59313,1.57376
short,2008-03-31,250,0.271684,3.13912,False,0,False,False,74.3727,52.4651,52.4651,-2.1593e-11,-1.07093e-11,0.473603,0.966508,1.36342,0.925807,51,0,311,8,8,0,0.848782,24.0676,0,0.0259974,1.59792,1.56551,1.54125
short,2008-04-30,272,0.260307,3.23234,False,0,False,False,86.3113,58.7687,58.7687,-1.42142e-11,-1.36781e-12,0.43716,0.968048,1.31495,0.924698,51,0,311,8,8,0,0.843872,29.9824,0,0.0162131,1.50594,1.48068,1.4276
short,2008-05-30,293,0.251593,3.06907,False,0,False,False,87.5426,62.2283,62.2283,-4.72923e-12,-8.0759e-14,0.407954,0.96763,1.28512,0.931198,51,0,311,8,8,0,0.846678,26.7864,0,0.0163389,1.31424,1.29496,1.23802
short,2008-06-30,314,0.244512,3.12366,False,0,False,False,102.127,72.7746,72.7746,-6.32269e-12,-2.28027e-12,0.380806,0.967606,1.25136,0.932665,51,0,311,8,9,0,0.855468,26.6541,0,0.0255677,1.29464,1.27903,1.21054
short,2008-07-31,336,0.238474,3.44939,False,0,False,False,126.323,97.2118,97.2118,-3.78025e-12,-3.60645e-12,0.357756,0.970265,1.21958,0.937872,51,0,311,8,8,0,0.842969,27.2058,0,0.0197487,1.71092,1.69707,1.5281
short,2008-08-29,357,0.233763,3.29673,False,0,False,False,131.616,102.029,102.029,-8.42041e-12,-6.10985e-12,0.340364,0.96938,1.20436,0.929612,51,0,311,8,8,0,0.844936,24.6355,0,0.0202908,1.4955,1.48472,1.35527
short,2008-09-30,378,0.229877,3.44036,False,0,False,False,155.354,161.451,161.451,-1.9123e-11,-7.90877e-12,0.315757,0.971462,1.19567,0.943404,51,0,313,8,8,0,0.87738,25.5822,0,0.0196958,2.18456,2.17496,2.12325
short,2008-10-31,401,0.226386,2.77682,False,0,False,False,239.639,205.309,205.309,-6.65942e-11,-2.76378e-11,0.287439,0.976536,1.18457,0.960854,51,0,314,8,9,0,0.863276,21.0721,0,0.0224806,2.93812,2.93137,3.04683
short,2008-11-28,420,0.223994,3.53648,False,0,False,False,325.008,243.584,243.584,-3.54762e-12,-6.44908e-11,0.274582,0.965252,1.17241,0.934077,51,0,314,8,8,0,0.881426,17.1218,0,0.0202583,2.79934,2.7937,2.85612
short,2008-12-31,442,0.22168,3.94645,False,0,False,False,366.936,258.782,258.782,-4.93972e-11,-2.41374e-11,0.263449,0.963081,1.1631,0.93709,51,0,316,7,8,0,0.991219,15.6511,0,0.0453899,2.36851,2.36417,2.35062
short,2009-01-30,462,0.219928,3.92856,False,0,False,True,374.388,280.549,280.549,-1.57069e-11,-8.40117e-13,0.253346,0.967735,1.15299,0.930417,51,0,316,7,7,0,0.87787,1.03627e+14,0,0.0234999,2.08497,2.08215,2.46467
short,2009-02-27,481,0.218521,4.61155,False,0,False,True,410.73,316.517,316.517,-2.35541e-11,-2.41323e-11,0.244987,0.969995,1.14704,0.92962,51,0,316,7,7,0,0.882552,5.90106e+13,0,0.0144715,1.87507,1.87295,2.14642
short,2009-03-31,503,0.217155,5.24499,False,0,False,True,409.295,332.288,332.288,-1.927e-11,-1.63701e-11,0.236327,0.961514,1.1423,0.943039,51,0,317,7,7,0,0.879797,1.62784e+13,0,0.00937908,1.76554,1.76403,1.82813
short,2009-04-30,524,0.216069,5.35548,False,0,False,True,436.98,345.978,345.978,-2.29103e-12,-3.41336e-11,0.232134,0.964912,1.13629,0.939391,51,0,317,7,7,0,0.888773,31.8513,0,0.0215232,1.64114,1.64,1.6094
short,2009-05-29,544,0.215199,4.4664,False,0,False,True,428.926,334.175,334.175,-5.46056e-12,-8.53988e-12,0.227392,0.967835,1.13285,0.938059,51,0,317,7,7,0,0.884335,12.0414,0,0.0209411,1.40517,1.40435,1.36692
short,2009-06-30,566,0.214398,3.65431,False,0,False,True,387.309,290.051,290.051,-1.21326e-11,-2.54077e-12,0.2207,0.967674,1.12667,0.938646,51,0,318,7,7,0,0.851816,13.1329,0,0.0189919,1.13888,1.13829,1.0875
short,2009-07-31,588,0.213732,3.57575,False,0,False,True,363.728,281.905,281.905,-1.43136e-11,-3.6497e-13,0.215871,0.966335,1.12221,0.94227,51,0,318,7,7,0,0.868841,12.4259,0,0.0188536,0.976218,0.975855,0.950581
short,2009-08-31,609,0.213201,3.46852,False,0,False,True,326.139,268.334,268.334,-6.83741e-11,-4.71679e-11,0.210069,0.966546,1.11915,0.944345,51,0,319,7,7,0,0.866579,8.84967,0,0.0185932,0.79619,0.795975,0.807391
short,2009-09-30,630,0.212756,3.35186,False,0,False,True,300.29,253.695,253.695,-1.48233e-11,-5.70085e-11,0.205073,0.966509,1.11361,0.941518,51,0,319,7,7,0,0.85694,8.49959,0,0.0146124,0.708779,0.708655,0.713567
short,2009-10-30,652,0.212366,3.44331,False,0,False,True,271.797,231.299,231.299,-3.02751e-11,-3.2991e-11,0.200403,0.966915,1.11056,0.942164,51,0,320,7,8,0,0.871212,10.2518,0,0.0111809,0.649894,0.649885,0.682241
short,2009-11-30,672,0.212069,3.50357,False,0,False,True,243.532,205.027,205.027,-1.01667e-11,-1.02663e-11,0.196168,0.966866,1.10582,0.943597,51,0,320,7,7,0,0.858393,11.1861,0,0.0112756,0.559943,0.559963,0.624763
short,2009-12-31,694,0.211794,3.34471,False,0,False,True,223.119,184.208,184.208,-4.3505e-12,-7.99566e-12,0.191923,0.968039,1.1025,0.943412,51,0,319,7,7,0,0.844649,12.1959,1,0.0129177,0.500742,0.500778,0.567845
short,2010-01-29,713,0.211594,3.47285,False,0,False,True,204.871,169.586,169.586,-1.53142e-11,-1.55361e-11,0.188177,0.966956,1.09949,0.948624,51,0,319,7,7,0,0.85693,12.4569,0,0.014391,0.544063,0.544131,0.608986
short,2010-02-26,732,0.211423,3.42084,False,0,False,True,186.027,149.197,149.197,-1.22451e-11,-8.71687e-12,0.185115,0.967514,1.09719,0.951721,51,0,321,7,9,0,0.865307,13.5696,0,0.0139203,0.523586,0.523694,0.609146
short,2010-03-31,755,0.211249,3.43339,False,0,False,True,165.113,134.839,134.839,-1.258e-11,6.46673e-13,0.181196,0.967476,1.09441,0.952271,51,0,321,7,7,0,0.850812,15.0544,0,0.0140344,0.478608,0.478697,0.561353
short,2010-04-30,776,0.211117,3.6563,False,0,False,True,153.553,122.432,122.432,-1.10201e-11,-4.66292e-12,0.17814,0.967399,1.0917,0.951246,51,0,323,6,6,0,0.84679,2.01814e+14,0,0.0194964,0.519487,0.519647,0.651408
short,2010-05-28,796,0.21101,3.7754,False,0,False,True,139.365,109.228,109.228,-1.04032e-11,-2.42145e-12,0.17521,0.967512,1.08941,0.952028,51,0,323,6,6,0,0.819165,2.79028e+14,0,0.0143627,0.569727,0.570069,0.699733
short,2010-06-30,818,0.210912,3.62708,False,0,False,True,128.143,101.268,101.268,-6.77403e-12,-5.0795e-12,0.1736,0.967545,1.0869,0.950699,51,0,325,6,7,0,0.835671,3.14661e+14,1,0.0172198,0.612558,0.613017,0.706528
short,2010-07-30,839,0.210833,3.37984,False,0,False,True,124.437,104.389,104.389,-1.30921e-11,-4.24362e-12,0.17138,0.967844,1.0854,0.95342,51,0,326,6,6,0,0.814693,1.19091e+14,1,0.0114796,0.686462,0.686839,0.794972
short,2010-08-31,861,0.210764,3.37126,False,0,False,True,116.109,93.5657,93.5657,-3.39874e-12,-8.3203e-12,0.169074,0.967518,1.08267,0.954302,51,0,326,6,6,0,0.779124,7.55657,1,0.0120205,0.646411,0.64678,0.797683
short,2010-09-30,882,0.210709,3.37207,False,0,False,True,109.684,82.8502,82.8502,-7.60518e-13,-1.2181e-12,0.166977,0.967804,1.08148,0.953975,51,0,326,6,6,0,0.786392,4.84721,2,0.0128677,0.634785,0.635166,0.792738
short,2010-10-29,903,0.210663,3.483,False,0,False,True,110.03,86.524,86.524,-9.26117e-12,-3.76128e-12,0.165016,0.967424,1.07974,0.955505,51,0,326,6,6,0,0.763735,3.51615,2,0.0143602,0.687597,0.688024,0.861743
short,2010-11-30,924,0.210624,3.50236,False,0,False,True,102.947,82.0331,82.0331,-1.99737e-12,-7.76951e-12,0.162548,0.969392,1.078,0.954969,51,0,326,6,6,0,0.755698,2.29351,2,0.0135919,0.677582,0.678018,0.859779
short,2010-12-31,946,0.21059,3.76196,False,0,False,True,97.5156,86.2888,86.2888,-5.20392e-12,-2.76552e-12,0.160402,0.969156,1.07634,0.954519,51,0,327,6,6,0,0.717203,2.52502,2,0.01287,0.650754,0.651094,0.85014
short,2011-01-31,966,0.210564,3.8124,False,0,False,True,96.996,87.032,87.032,-4.07926e-12,-3.28871e-12,0.158361,0.969935,1.07462,0.9555,51,0,327,6,6,0,0.783021,3.54985,3,0.00851253,0.772993,0.773406,0.998509
short,2011-02-28,985,0.210543,3.79914,False,0,False,True,97.6898,81.2707,81.2707,-9.09735e-14,-1.28516e-11,0.15775,0.969813,1.07335,0.954963,51,0,327,6,6,0,0.802066,4.72748,4,0.00790326,0.802733,0.80325,1.07815
short,2011-03-31,1008,0.210521,3.55455,False,0,False,True,91.8695,77.4659,77.4659,-9.99608e-12,-1.26235e-12,0.155413,0.969896,1.07245,0.95691,51,0,328,6,7,0,0.793833,6.46456,4,0.00959286,0.780512,0.781051,1.03968
short,2011-04-29,1028,0.210506,3.69956,False,0,False,True,86.777,73.0941,73.0941,-3.12514e-12,-8.33416e-12,0.153752,0.970441,1.07067,0.95843,51,0,329,6,7,0,0.79184,8.2342,4,0.00908213,0.817212,0.817702,1.06115
short,2011-05-31,1049,0.210492,3.64453,False,0,False,True,84.5773,69.1025,69.1025,-6.40029e-12,-4.12813e-12,0.152316,0.972924,1.06971,0.958313,51,0,329,6,6,0,0.778179,8.53966,4,0.0123606,0.790579,0.791093,0.994336
short,2011-06-30,1071,0.21048,3.61085,False,0,False,True,84.5683,65.3808,65.3808,3.63347e-13,-1.82831e-12,0.150765,0.972557,1.06866,0.95707,51,0,329,6,6,0,0.763946,9.14399,4,0.0127838,0.818158,0.81886,0.946845
short,2011-07-29,1091,0.21047,3.51804,False,0,False,True,82.9633,64.544,64.544,-2.61222e-12,-3.15167e-13,0.149682,0.972967,1.06776,0.956193,51,0,330,6,6,0,0.574952,9.0817,2,0.00884627,0.918844,0.919606,1.06861
short,2011-08-31,1114,0.210461,3.37701,False,0,False,True,82.2582,59.9378,59.9378,-1.84677e-12,-2.24616e-12,0.147073,0.974994,1.06628,0.951165,51,0,330,6,6,0,0.790997,11.881,3,0.0104529,1.28983,1.29172,1.6853
short,2011-09-30,1135,0.210455,3.5773,False,0,False,True,88.2073,72.2602,72.2602,-1.97261e-12,-2.86138e-12,0.145562,0.975941,1.06604,0.95157,51,0,331,6,7,0,0.745458,8.32909,2,0.00797034,1.35599,1.35774,1.64539
short,2011-10-31,1156,0.210449,4.24122,False,0,False,True,100.151,66.3033,66.3033,-1.10344e-11,-5.58335e-12,0.144235,0.977385,1.06531,0.95886,51,0,331,6,6,0,0.761909,7.81895,1,0.0133221,1.46578,1.46758,1.72424
short,2011-11-30,1177,0.210444,3.86168,False,0,False,True,96.1404,61.0875,61.0875,-5.60133e-12,-4.74144e-12,0.142867,0.977656,1.06461,0.956506,51,0,331,6,6,0,0.779478,7.89692,1,0.0183044,1.31067,1.31225,1.54548
short,2011-12-30,1198,0.21044,3.97073,False,0,False,True,94.9098,82.8659,82.8659,-4.87529e-12,-1.01812e-11,0.142082,0.977238,1.06344,0.957213,51,0,333,6,6,0,0.745498,8.31963,1,0.0105091,1.17441,1.17572,1.32393
short,2012-01-31,1218,0.210437,4.05033,False,0,False,True,103.293,91.808,91.808,-3.18172e-12,-5.47307e-12,0.141998,0.97722,1.06238,0.955022,51,0,333,6,6,0,0.7692,12.25,1,0.00964542,1.15186,1.15292,1.3381
short,2012-02-29,1238,0.210434,3.69066,False,0,False,True,108.015,87.5765,87.5765,-1.18372e-12,-1.82287e-12,0.141272,0.977261,1.06186,0.956093,51,0,333,6,6,0,0.737005,14.9247,0,0.00953645,1.04811,1.04896,1.25572
short,2012-03-30,1260,0.210431,3.76747,False,0,False,True,99.6938,85.3971,85.3971,7.23904e-14,-7.09142e-12,0.140036,0.977496,1.06062,0.957248,51,0,334,6,6,0,0.7786,14.5506,1,0.00824437,0.930034,0.930819,1.08344
short,2012-04-30,1280,0.210429,3.79339,False,0,False,True,102.937,83.5973,83.5973,-5.55782e-12,-9.40688e-13,0.139137,0.977408,1.06031,0.960692,51,0,334,6,6,0,0.772225,11.5865,1,0.00828887,0.993854,0.994563,1.11784
short,2012-05-31,1302,0.210428,4.08406,False,0,False,True,94.3657,74.4156,74.4156,-3.37718e-12,-2.44787e-12,0.138167,0.978593,1.05951,0.959753,51,0,334,6,6,0,0.802577,14.2866,1,0.00863423,0.967706,0.968388,1.12857
short,2012-06-29,1323,0.210426,4.08224,False,0,False,True,99.4816,85.6432,85.6432,-1.06544e-12,-1.31385e-12,0.136536,0.978443,1.05899,0.960979,51,1,336,7,7,0,0.800457,12.0132,1,0.00957176,0.98711,0.987816,1.08899
short,2012-07-31,1344,0.214551,3.92097,False,0,False,True,101.189,80.305,80.305,-3.57704e-12,-3.34104e-12,0.136981,0.980321,1.06051,0.959994,52,0,337,7,7,0,0.809648,9.62125,1,0.0101887,1.15405,1.15468,1.2146
short,2012-08-31,1367,0.21455,3.97145,False,0,False,True,91.5011,69.5692,69.5692,-4.01935e-13,6.0324e-13,0.136915,0.980219,1.05913,0.958952,52,0,337,7,7,0,0.830052,11.8791,1,0.033188,1.08441,1.08508,1.10337
short,2012-09-28,1386,0.214549,3.80642,False,0,False,True,91.8404,72.9702,72.9702,-5.29739e-12,-1.95083e-12,0.136235,0.980797,1.05848,0.959653,52,0,338,7,7,0,0.822749,11.7143,1,0.0293389,1.02282,1.02343,1.02115
short,2012-10-31,1407,0.214548,3.74432,False,0,False,True,89.286,68.8752,68.8752,-2.08893e-12,-1.72003e-12,0.135962,0.97999,1.05804,0.962412,52,0,340,7,7,0,0.841369,10.6619,1,0.0375584,1.1281,1.12886,1.16971
short,2012-11-30,1428,0.214548,3.81832,False,0,False,True,91.3367,67.7196,67.7196,-6.20926e-12,2.25967e-13,0.135425,0.979796,1.0575,0.959714,52,0,340,7,7,0,0.836259,10.0112,1,0.0326296,1.07781,1.07855,1.13124
short,2012-12-31,1448,0.214547,3.93681,False,0,False,True,88.3736,61.5375,61.5375,-1.01806e-12,3.94852e-13,0.13473,0.979699,1.05663,0.957712,52,0,342,7,7,0,0.837069,9.78147,2,0.0401531,0.980434,0.98109,1.00883
short,2013-01-31,1469,0.214547,4.11696,False,0,False,True,90.5111,60.0571,60.0571,-1.64902e-12,-4.36058e-12,0.133669,0.979746,1.05595,0.961919,52,0,342,7,7,0,0.843477,9.1548,1,0.0310904,1.01922,1.01993,1.05512
short,2013-02-28,1488,0.214546,4.16061,False,0,False,True,102.292,80.6513,80.6513,-7.89467e-13,1.74121e-14,0.13322,0.979523,1.05551,0.960521,52,0,343,7,7,0,0.834583,11.442,1,0.0275882,1.05152,1.0523,1.07362
short,2013-03-28,1508,0.214546,3.93714,False,0,False,True,101.28,89.0307,89.0307,-4.85866e-14,-8.66389e-13,0.132723,0.9795,1.05522,0.961366,52,0,344,7,7,0,0.828239,10.5193,1,0.0229841,0.95857,0.959243,0.998731
short,2013-04-30,1530,0.214546,3.97921,False,0,False,True,103.124,79.0514,79.0514,-1.28582e-12,-7.39242e-12,0.131368,0.983053,1.05558,0.963647,52,0,345,7,8,0,0.830014,11.5218,0,0.0313609,1.12438,1.12501,1.11904
short,2013-05-31,1552,0.214546,3.6495,False,0,False,True,99.8964,74.5305,74.5305,-2.60728e-13,-4.25811e-13,0.130949,0.983497,1.05498,0.961034,52,0,346,7,7,0,0.812229,13.3407,0,0.0353408,1.05347,1.05407,1.10192
short,2013-06-28,1572,0.214545,3.55537,False,0,False,True,93.6997,72.3786,72.3786,-3.74508e-12,-2.89076e-12,0.129753,0.984151,1.0545,0.959605,52,0,346,7,7,0,0.808833,12.4884,0,0.0472531,0.985913,0.986512,1.06993
short,2013-07-31,1594,0.214545,3.61222,False,0,False,True,92.1893,67.6555,67.6555,-2.76774e-12,-9.50483e-13,0.128981,0.984094,1.05388,0.961719,52,0,347,7,8,0,0.809653,14.0569,0,0.0416755,1.0527,1.05311,1.13873
short,2013-08-30,1616,0.214545,3.45673,False,0,False,True,87.3337,65.2309,65.2309,-1.29865e-12,-1.21532e-12,0.128916,0.983985,1.05307,0.962989,52,0,347,7,7,0,0.781067,15.2291,0,0.0571247,0.967262,0.967645,1.02773
short,2013-09-30,1636,0.214545,3.53175,False,0,False,True,82.7182,63.6208,63.6208,9.68611e-13,-1.09974e-11,0.128278,0.98431,1.05294,0.962647,52,0,349,7,7,0,0.736939,16.9887,1,0.0433224,0.91759,0.917946,0.996838
short,2013-10-31,1659,0.214545,3.47011,False,0,False,True,80.1657,61.6013,61.6013,-5.27228e-12,1.53705e-13,0.12841,0.983729,1.05276,0.962081,52,0,350,7,8,0,0.798896,10.8652,0,0.0424641,1.04029,1.04041,1.13716
short,2013-11-29,1679,0.214545,3.45413,False,0,False,True,75.3278,62.6102,62.6102,1.04866e-12,-2.10821e-12,0.127886,0.983577,1.05233,0.96355,52,0,351,7,7,0,0.789097,11.0783,0,0.0490326,0.969719,0.96985,1.08375
short,2013-12-31,1700,0.218671,3.36404,False,0,False,True,70.9401,56.9781,56.9781,-3.83659e-12,5.88277e-12,0.131103,0.98379,1.05358,0.963342,53,0,351,8,8,0,0.763794,6.26028,0,0.0463674,0.907178,0.907281,1.01325
short,2014-01-31,1721,0.21867,3.46325,False,0,False,True,75.8058,59.729,59.729,3.14653e-12,5.21057e-12,0.129593,0.983471,1.05336,0.955194,53,0,354,8,9,0,0.772151,8.61308,0,0.0596196,1.45384,1.45514,1.11956
short,2014-02-28,1740,0.21867,3.37322,False,0,False,True,73.4255,62.7992,62.7992,-1.81391e-12,9.84736e-12,0.129458,0.983199,1.05325,0.955664,53,0,354,7,7,0,0.792783,2.62261e+13,0,0.0410836,1.51051,1.51186,1.15768
short,2014-03-31,1761,0.21867,3.49012,False,0,False,True,71.2394,61.4871,61.4871,-4.11061e-12,-4.86464e-12,0.12924,0.982728,1.05272,0.957915,53,0,354,7,7,0,0.797403,2.957e+13,0,0.0453902,1.33116,1.33222,1.07721
short,2014-04-30,1782,0.21867,3.49258,False,0,False,True,67.3307,55.6054,55.6054,2.95443e-12,-4.58218e-12,0.128942,0.982755,1.05262,0.958498,53,0,354,7,7,0,0.802254,1.95113e+13,0,0.0552039,1.25461,1.25555,1.13576
short,2014-05-30,1803,0.21867,3.56296,False,0,False,True,63.0185,50.3326,50.3326,7.81625e-13,9.38605e-12,0.1282,0.982591,1.05223,0.962716,53,0,355,7,7,0,0.776823,1.02256e+13,0,0.0437912,1.15712,1.15788,1.04016
short,2014-06-30,1824,0.21867,3.48956,False,0,False,True,63.7331,44.8461,44.8461,-4.85143e-12,-4.52171e-12,0.12825,0.982886,1.05115,0.961415,53,0,355,7,7,0,0.831793,11.8369,1,0.0260828,1.04383,1.04439,1.0207
short,2014-07-31,1846,0.21867,3.54543,False,0,False,True,62.9146,49.2298,49.2298,-2.13575e-12,-5.35166e-12,0.128342,0.982788,1.05103,0.959962,53,0,357,7,7,0,0.751508,6.50966,0,0.0173078,1.09254,1.09294,1.06806
short,2014-08-29,1867,0.21867,3.41697,False,0,False,True,56.9583,45.348,45.348,-7.80591e-12,-2.17843e-12,0.128061,0.982138,1.05143,0.96026,53,0,357,7,7,0,0.836845,6.21941,1,0.0481962,1.09933,1.09987,0.979309
short,2014-09-30,1888,0.21867,3.42232,False,0,False,True,53.3945,44.5846,44.5846,-3.13313e-12,-8.77165e-12,0.127679,0.98285,1.05122,0.960608,53,0,358,7,7,0,0.841989,6.46518,1,0.0463445,1.01839,1.01885,0.926314
short,2014-10-31,1911,0.21867,3.36943,False,0,False,True,50.9434,44.4914,44.4914,7.44446e-12,8.18079e-12,0.126986,0.984026,1.05058,0.957691,53,0,358,7,7,0,0.845074,7.86284,1,0.0427735,1.36777,1.36847,1.1861
short,2014-11-28,1930,0.21867,3.46985,False,0,False,True,51.2167,47.6006,47.6006,1.5553e-12,1.10606e-11,0.126355,0.984631,1.05085,0.95562,53,0,357,7,7,0,0.83698,7.07863,1,0.0342676,1.35215,1.35274,1.22866
short,2014-12-31,1952,0.21867,3.33426,False,0,False,True,54.5201,46.6434,46.6434,6.22389e-12,7.08699e-12,0.126454,0.984249,1.05055,0.95797,53,0,358,7,7,0,0.830144,12.4678,1,0.02683,1.29899,1.29961,1.13806
short,2015-01-30,1972,0.21867,3.3008,False,0,False,True,55.7979,51.8507,51.8507,-2.66425e-12,-4.42632e-12,0.126008,0.983709,1.05013,0.95981,53,0,359,7,8,0,0.829597,13.6079,1,0.0242067,1.36909,1.36966,1.23735
short,2015-02-27,1991,0.21867,3.27357,False,0,False,True,61.9254,53.4939,53.4939,-2.16458e-12,1.79466e-12,0.125422,0.983665,1.04975,0.956056,53,0,360,7,7,0,0.757787,14.2495,0,0.0254594,1.32327,1.32368,1.28301
short,2015-03-31,2013,0.21867,3.24999,False,0,False,True,59.7822,49.9182,49.9182,-1.15578e-12,-1.4616e-12,0.125213,0.983289,1.04952,0.956241,53,0,365,7,7,0,0.553126,10.7387,0,0.0225393,1.18866,1.18898,1.1596
short,2015-04-30,2034,0.21867,3.21876,False,0,False,True,61.5517,52.1886,52.1886,3.93563e-12,-8.18286e-12,0.124372,0.982683,1.04922,0.95273,53,0,366,7,7,0,0.767627,18.7319,0,0.0142803,1.24592,1.24606,1.67617
short,2015-05-29,2054,0.21867,3.39306,False,0,False,True,59.4032,48.344,48.344,2.59828e-13,1.90576e-12,0.124719,0.983101,1.04953,0.952841,53,0,366,7,7,0,0.777641,18.7514,0,0.0250727,1.10974,1.10982,1.45754
short,2015-06-30,2076,0.21867,3.34579,False,0,False,True,58.1126,45.3539,45.3539,2.73553e-12,-2.74175e-12,0.124714,0.982068,1.04975,0.95264,53,0,366,7,7,0,0.787164,18.7717,0,0.0208697,0.978411,0.978509,1.28132
short,2015-07-31,2098,0.21867,3.2657,False,0,False,True,62.7195,48.6402,48.6402,1.57361e-12,-1.0194e-12,0.124402,0.983154,1.04936,0.955476,53,0,368,7,8,0,0.822621,16.5403,0,0.0235504,1.08231,1.08234,1.36956
short,2015-08-31,2119,0.21867,3.39722,False,0,False,True,63.6803,57.1137,57.1137,4.8836e-12,1.62683e-12,0.12325,0.983411,1.04921,0.960521,53,0,368,7,7,0,0.829032,18.2967,0,0.0317452,1.18212,1.18263,1.4063
short,2015-09-30,2140,0.21867,3.49402,False,0,False,True,65.6412,57.8128,57.8128,-1.72073e-12,-5.80392e-12,0.122505,0.983028,1.04893,0.960652,53,0,369,7,7,0,0.83819,29.494,0,0.0382293,1.18276,1.18315,1.28418
short,2015-10-30,2162,0.21867,3.78259,False,0,False,True,74.9979,62.3313,62.3313,-4.88612e-12,-2.9121e-12,0.121105,0.984469,1.04886,0.963103,53,0,370,7,7,0,0.851324,26.8882,0,0.0103724,1.40104,1.40111,1.49419
short,2015-11-30,2182,0.21867,3.90202,False,0,False,True,83.5608,91.566,91.566,3.9108e-12,-1.63254e-12,0.121074,0.983923,1.04783,0.962919,53,0,370,7,7,0,0.854133,24.5919,0,0.0274647,1.35166,1.35166,1.44763
short,2015-12-31,2204,0.21867,3.88277,False,0,False,True,81.0264,90.7332,90.7332,3.19249e-12,5.88364e-13,0.120208,0.983817,1.04833,0.962636,53,0,372,7,8,0,0.855074,23.1577,0,0.0236671,1.30987,1.30988,1.31475
short,2016-01-29,2223,0.21867,3.86074,False,0,False,True,95.5877,108.268,108.268,4.09267e-13,1.55282e-12,0.118681,0.983946,1.04754,0.955588,53,0,372,7,7,0,0.86783,23.5242,0,0.0251781,1.51585,1.51595,1.52742
short,2016-02-29,2243,0.21867,4.31828,False,0,False,True,103.412,114.899,114.899,2.09375e-11,-3.82013e-11,0.117483,0.984152,1.04809,0.967402,53,0,373,7,7,0,0.86725,29.1831,0,0.0230898,1.55776,1.55789,1.61385
short,2016-03-31,2265,0.21867,4.42425,False,0,False,True,107.995,108.828,108.828,1.34653e-11,-1.80809e-11,0.116976,0.984178,1.04733,0.967877,53,0,376,7,8,0,0.868301,27.4934,0,0.0287721,1.35922,1.35925,1.35446
short,2016-04-29,2286,0.21867,4.19534,False,0,False,True,108.29,114.262,114.262,2.0931e-12,4.99078e-12,0.116669,0.984013,1.04795,0.965142,53,0,376,7,8,0,0.862743,33.3011,0,0.0468978,1.34368,1.34364,1.25846
short,2016-05-31,2307,0.21867,4.07992,False,0,False,True,91.4906,102.877,102.877,6.23807e-12,1.6928e-12,0.116324,0.984517,1.04767,0.964559,53,0,382,7,9,0,0.825733,28.6579,1,0.0409015,1.17318,1.17312,1.11528
short,2016-06-30,2329,0.21867,4.1179,False,0,False,True,76.5301,97.3261,97.3261,7.687e-12,-6.73376e-12,0.117205,0.984733,1.04761,0.964472,53,0,383,7,7,0,0.828766,29.2172,0,0.0423423,1.0561,1.0562,1.02777
short,2016-07-29,2349,0.21867,4.0082,False,0,False,True,65.0246,83.1238,83.1238,9.4909e-13,6.01358e-12,0.116768,0.984715,1.04743,0.96209,53,0,385,7,7,0,0.829299,20.2564,0,0.0333981,1.04375,1.04371,1.10108
short,2016-08-31,2372,0.21867,3.8546,False,0,False,True,53.834,68.8747,68.8747,1.12442e-11,-1.07385e-11,0.116305,0.984766,1.04631,0.962565,53,0,386,7,8,0,0.842692,8.61971,0,0.0290111,0.907577,0.907525,1.01465
short,2016-09-30,2393,0.21867,3.54249,False,0,False,True,45.3218,58.0314,58.0314,3.2083e-12,1.62981e-13,0.116292,0.984618,1.04645,0.962181,53,0,390,7,8,0,0.825065,6.35477,0,0.0316283,0.837958,0.837983,0.935257
short,2016-10-31,2414,0.21867,3.53592,False,0,False,True,38.1703,48.9738,48.9738,-3.85469e-12,4.73347e-12,0.115796,0.985048,1.04649,0.96817,53,0,391,7,8,0,0.840335,8.01924,0,0.0278013,1.01522,1.01507,1.08095
short,2016-11-30,2435,0.21867,3.72296,False,0,False,True,32.1607,41.3103,41.3103,5.59828e-12,7.83189e-12,0.113845,0.986112,1.04703,0.966336,53,0,391,7,7,0,0.832666,19.3715,0,0.0206894,1.32803,1.32778,1.30683
short,2016-12-30,2456,0.21867,3.93256,False,0,False,True,27.0585,34.7619,34.7619,-4.18758e-12,-5.15562e-12,0.113424,0.98654,1.04702,0.968988,53,0,391,8,8,0,0.832346,18.8205,0,0.0339217,1.1406,1.14042,1.12213
short,2017-01-31,2476,0.21867,4.04399,False,0,False,True,22.971,29.5134,29.5134,1.19298e-11,-5.98392e-12,0.113104,0.986011,1.04693,0.96586,53,0,392,8,8,0,0.840052,17.8581,0,0.0285966,1.09445,1.09432,1.12696
short,2017-02-28,2495,0.21867,3.98766,False,0,False,True,19.6529,25.2706,25.2706,2.48107e-12,5.63678e-12,0.112849,0.985346,1.04664,0.965105,53,0,394,8,9,0,0.843454,11.0576,0,0.0118982,1.01994,1.01981,1.08652
short,2017-03-31,2518,0.21867,4.11905,False,0,False,True,16.2668,20.9139,20.9139,-3.71983e-12,2.11625e-12,0.112798,0.986095,1.04602,0.963962,53,0,397,8,8,0,0.814968,17.6207,0,0.0131128,0.881562,0.881495,0.923122
short,2017-04-28,2537,0.21867,4.0583,False,0,False,True,13.9132,17.8914,17.8914,1.01114e-12,6.82291e-12,0.113148,0.985829,1.04641,0.962674,53,0,399,8,8,0,0.815463,2.72879e+13,0,0.0113207,0.850958,0.850891,0.920385
short,2017-05-31,2559,0.21867,4.04287,False,0,False,True,11.6111,14.9506,14.9506,2.14429e-12,-2.15484e-12,0.112607,0.986257,1.04624,0.968671,53,0,399,8,8,0,0.838885,3.2249e+13,0,0.0156899,0.859118,0.859097,0.920292
short,2017-06-30,2581,0.21867,4.12943,False,0,False,True,9.69005,12.484,12.484,2.06012e-12,1.81324e-12,0.112516,0.986515,1.04611,0.970011,53,0,399,9,9,0,0.82417,4.37998e+13,0,0.0169825,0.875617,0.875651,0.894279
short,2017-07-31,2601,0.21867,3.93654,False,0,False,True,8.22203,10.5984,10.5984,-2.61836e-12,-1.85038e-12,0.112566,0.986282,1.04549,0.967385,53,0,402,8,12,0,0.82271,5.95204e+13,0,0.00963951,0.957867,0.957848,1.00841
short,2017-08-31,2624,0.21867,4.04197,False,0,False,True,6.80627,8.77585,8.77585,-1.80427e-12,-1.61755e-12,0.112248,0.986673,1.04599,0.966746,53,0,404,8,8,0,0.829912,2.46545e+13,0,0.00924736,0.883134,0.883152,0.980717
short,2017-09-29,2644,0.21867,4.18773,False,0,False,True,5.77477,7.45035,7.45035,3.91845e-12,-2.29556e-13,0.112273,0.986678,1.04631,0.967017,53,0,401,8,8,0,0.818846,9.29386e+12,0,0.0149358,0.899248,0.899233,1.00976
short,2017-10-31,2666,0.21867,4.17829,False,0,False,True,4.81875,6.21518,6.21518,9.94614e-13,-3.34494e-12,0.112067,0.986301,1.04643,0.967916,53,0,402,8,8,0,0.825886,35.0798,0,0.0124678,0.96829,0.968206,1.19168
short,2017-11-30,2687,0.21867,4.2967,False,0,False,True,4.05412,5.23158,5.23158,1.17037e-12,-1.72116e-12,0.111713,0.986758,1.0454,0.965848,53,0,404,8,8,0,0.820926,2.92999e+13,0,0.0154517,1.11267,1.1126,1.22982
short,2017-12-29,2707,0.21867,4.18227,False,0,False,True,3.43921,4.43815,4.43815,-1.83713e-12,1.47656e-12,0.11163,0.987462,1.04626,0.968328,53,0,403,8,8,0,0.82528,5.11152e+13,0,0.0283858,1.0478,1.04773,1.14086
short,2018-01-31,2728,0.21867,3.88242,False,0,False,True,2.89689,3.74157,3.74157,4.03469e-13,-1.40742e-13,0.111132,0.986721,1.04562,0.968695,53,0,405,7,7,0,0.809446,3.00671e+14,0,0.026322,1.14309,1.1431,1.22832
short,2018-02-28,2747,0.21867,3.77218,False,0,False,True,2.47872,3.20279,3.20279,3.18321e-12,-5.20038e-12,0.111923,0.987,1.04553,0.972223,53,0,405,7,7,0,0.809984,3.87757e+14,0,0.0315627,1.21012,1.21033,1.31574
short,2018-03-29,2768,0.21867,3.69862,False,0,False,True,2.08601,2.69599,2.69599,2.40577e-12,-3.97092e-12,0.111275,0.986303,1.04568,0.969529,53,0,407,7,7,0,0.783289,2.41139e+14,0,0.0342409,1.21993,1.22013,1.20868
short,2018-04-30,2789,0.21867,3.50929,False,0,False,True,1.75597,2.26928,2.26928,9.54735e-13,-1.00285e-13,0.11049,0.985876,1.04509,0.969276,53,0,408,7,7,0,0.777722,6.5572e+13,0,0.0290627,1.26464,1.26471,1.22564
short,2018-05-31,2811,0.21867,3.81214,False,0,False,True,1.46491,1.89334,1.89334,-3.31085e-13,5.81275e-12,0.110168,0.986292,1.04459,0.968938,53,0,408,7,7,0,0.804016,4.84985e+13,0,0.0169103,1.20028,1.20034,1.22801
short,2018-06-29,2832,0.21867,3.8738,False,0,False,True,1.2325,1.59315,1.59315,4.01175e-12,3.61827e-12,0.109824,0.98606,1.04596,0.968987,53,0,406,7,7,0,0.801001,3.88759e+13,0,0.0152842,1.16722,1.16729,1.16309
short,2018-07-31,2853,0.21867,3.81436,False,0,False,True,1.03733,1.34075,1.34075,4.992e-12,-2.30302e-12,0.109394,0.986591,1.04522,0.969312,53,0,407,7,7,0,0.799856,3.53289e+13,0,0.0314655,1.27252,1.27249,1.20982
short,2018-08-31,2876,0.21867,3.85413,False,0,False,True,0.858283,1.1096,1.1096,-2.91179e-12,-4.466e-12,0.109739,0.986849,1.04496,0.968784,53,0,409,7,8,0,0.810473,3.59774e+13,0,0.0199044,1.10009,1.10007,1.09305
short,2018-09-28,2895,0.21867,3.707,False,0,False,True,0.733999,0.948925,0.948925,-3.02706e-12,-4.7718e-12,0.109812,0.986131,1.04512,0.972035,53,0,409,7,7,0,0.805137,3.09638e+13,0,0.0132662,1.02535,1.02533,1.03922
short,2018-10-31,2918,0.21867,3.86987,False,0,False,True,0.607808,0.786727,0.786727,-5.7036e-12,-6.89034e-13,0.108181,0.986835,1.04518,0.972612,53,0,411,7,7,0,0.782797,2.65427e+13,0,0.026034,1.35643,1.35642,1.32285
short,2018-11-30,2939,0.21867,4.0254,False,0,False,True,0.51145,0.661813,0.661813,-2.25328e-12,-3.23334e-12,0.107912,0.985811,1.04511,0.972204,53,0,411,7,7,0,0.801809,2.59883e+13,0,0.043795,1.35854,1.35856,1.46529
short,2018-12-31,2958,0.21867,3.75253,False,0,False,True,0.437574,0.566309,0.566309,-9.20685e-13,4.49611e-12,0.107761,0.986059,1.04482,0.97315,53,0,413,7,8,0,0.794997,2.52873e+13,0,0.0309686,1.32542,1.32551,1.36051
short,2019-01-31,2979,0.21867,3.94965,False,0,False,True,0.368202,0.476537,0.476537,2.73441e-12,2.97587e-13,0.108459,0.984807,1.04512,0.969409,53,0,412,7,7,0,0.793737,2.24381e+13,0,0.0194092,1.31822,1.31824,1.35153
short,2019-02-28,2998,0.21867,4.00076,False,0,False,True,0.314844,0.407792,0.407792,2.02413e-12,2.3792e-12,0.108298,0.984419,1.04464,0.969771,53,0,413,7,8,0,0.770284,2.25089e+13,0,0.0109812,1.26104,1.26092,1.31869
short,2019-03-29,3019,0.21867,3.63935,False,0,False,True,0.264805,0.343006,0.343006,2.16589e-12,3.35276e-12,0.108104,0.984543,1.04448,0.969832,53,0,413,7,7,0,0.785093,2.09389e+13,0,0.00638259,1.10749,1.10741,1.14858
short,2019-04-30,3040,0.21867,3.82457,False,0,False,True,0.222757,0.288572,0.288572,-1.89467e-12,-2.84521e-12,0.107623,0.985106,1.04529,0.969406,53,0,413,7,7,0,0.800671,1.77271e+13,0,0.00596984,1.11655,1.11641,1.14627
short,2019-05-31,3062,0.21867,3.8828,False,0,False,True,0.185879,0.240923,0.240923,-1.82925e-12,-5.02867e-12,0.107839,0.985218,1.04535,0.96484,53,0,413,7,7,0,0.811523,1.63703e+13,0,0.00789441,1.03362,1.03352,1.09557
short,2019-06-28,3082,0.21867,4.10927,False,0,False,True,0.157649,0.204353,0.204353,5.9477e-13,-4.7136e-12,0.107691,0.984578,1.04459,0.966497,53,0,413,8,8,0,0.797309,1.4814e+13,0,0.00822805,0.951976,0.951908,1.01167
short,2019-07-31,3104,0.21867,3.90455,False,0,False,True,0.131531,0.170554,0.170554,-3.93013e-13,-3.66753e-12,0.108054,0.985504,1.04526,0.97092,53,0,414,8,8,0,0.808596,1.39647e+13,0,0.0083203,1.01192,1.01174,1.07638
short,2019-08-30,3126,0.21867,3.67878,False,0,False,True,0.109772,0.142505,0.142505,-3.23356e-12,-2.06687e-12,0.108013,0.986157,1.04445,0.97219,53,0,416,8,8,0,0.820925,1.28992e+13,0,0.00829656,1.00214,1.00206,1.0915
short,2019-09-30,3146,0.21867,3.88621,False,0,False,True,0.0930969,0.120872,0.120872,-3.90155e-12,5.16123e-12,0.107557,0.987003,1.04454,0.967966,53,0,417,8,10,0,0.795601,1.26183e+13,0,0.0082002,0.980223,0.980123,1.03964
short,2019-10-31,3169,0.21867,3.46076,False,0,False,True,0.077036,0.100023,0.100023,4.19489e-12,2.61168e-12,0.108162,0.986645,1.04426,0.971153,53,0,416,8,8,0,0.803489,1.26904e+13,0,0.0187773,0.996135,0.996012,1.12446
short,2019-11-29,3189,0.21867,3.53294,False,0,False,True,0.0653286,0.0848413,0.0848413,-2.34105e-12,1.01416e-12,0.108041,0.987909,1.04357,0.971752,53,0,415,8,9,0,0.815364,1.23742e+13,0,0.0092759,0.92668,0.926585,1.08029
short,2019-12-31,3210,0.21867,3.39506,False,0,False,True,0.0549452,0.0713582,0.0713582,1.49741e-12,-2.95954e-12,0.108662,0.987536,1.04476,0.972587,53,0,416,8,11,0,0.799608,1.50196e+13,0,0.00966638,0.803986,0.803929,0.934403
short,2020-01-31,3231,0.21867,3.47865,False,0,False,True,0.0462203,0.0600342,0.0600342,6.15592e-13,-9.97029e-13,0.10829,0.988284,1.04421,0.970025,53,0,416,8,8,0,0.80769,1.73636e+13,0,0.010441,0.845036,0.845012,0.983985
short,2020-02-28,3250,0.21867,3.5162,False,0,False,True,0.039549,0.0514486,0.0514486,-1.35926e-12,-2.23889e-12,0.108518,0.987994,1.04463,0.97266,53,0,415,8,8,0,0.813119,1.61943e+13,0,0.0131938,0.962544,0.962728,1.17706
short,2020-03-31,3272,0.21867,3.32979,False,0,False,True,0.0331189,0.0431411,0.0431411,1.20559e-11,-6.89984e-12,0.0980777,0.994029,1.04533,0.969788,53,0,416,8,8,0,0.742479,1.01618e+13,0,0.0206437,4.20569,4.20612,4.9059
short,2020-04-30,3293,0.21867,4.84174,False,0,False,True,0.0278825,0.0363512,0.0363512,-1.81929e-11,2.6345e-11,0.097245,0.994074,1.04572,0.973753,53,0,416,8,8,0,0.766349,8.15927e+12,0,0.0214833,3.46977,3.47045,3.91669
short,2020-05-29,3313,0.21867,4.5673,False,0,False,True,0.0236556,0.0308745,0.0308745,6.24486e-12,-6.45702e-12,0.0969667,0.993788,1.04528,0.973665,53,0,417,7,8,0,0.769667,1.12536e+13,0,0.0116171,2.79877,2.79943,3.06541
short,2020-06-30,3335,0.21867,4.62928,False,0,False,True,0.019741,0.0257703,0.0257703,-2.92295e-12,-7.69239e-12,0.0977209,0.99353,1.04583,0.974453,53,0,420,7,7,0,0.747374,1.50143e+13,0,0.0109217,2.17718,2.17779,2.34067
short,2020-07-31,3357,0.21867,4.56722,False,0,False,True,0.0164781,0.021518,0.021518,-2.02907e-11,-2.02953e-11,0.0979652,0.993445,1.04515,0.974179,53,0,419,7,7,0,0.761792,1.27236e+13,0,0.00766314,1.7974,1.79799,1.8787
short,2020-08-31,3378,0.21867,4.49044,False,0,False,True,0.0138619,0.0181161,0.0181161,4.99878e-12,6.76257e-12,0.0980235,0.993416,1.04496,0.974499,53,0,419,7,7,0,0.765317,7.1968e+12,0,0.00779753,1.46508,1.46561,1.51623
short,2020-09-30,3399,0.21867,4.42694,False,0,False,True,0.0116602,0.0152422,0.0152422,-1.17526e-12,5.64618e-12,0.0985124,0.993168,1.04487,0.972031,53,0,418,6,6,0,0.696501,4.82725e+12,0,0.0063708,1.26031,1.26078,1.25881
short,2020-10-30,3421,0.21867,4.09066,False,0,False,True,0.00972753,0.0127164,0.0127164,-1.43406e-11,-3.76615e-12,0.0989272,0.993105,1.04575,0.971691,53,0,420,6,6,0,0.76582,4.89237e+12,0,0.00724309,1.12179,1.12224,1.16082
short,2020-11-30,3441,0.21867,3.8865,False,0,False,True,0.00825212,0.0107916,0.0107916,7.3858e-12,-5.36572e-13,0.0995063,0.993656,1.04546,0.970143,53,0,422,6,6,0,0.734596,4.58665e+12,0,0.00988084,1.18254,1.18308,1.2388
short,2020-12-31,3463,0.21867,3.69288,False,0,False,True,0.00688429,0.00900593,0.00900593,1.60759e-12,9.4088e-12,0.0997143,0.993512,1.0454,0.969691,53,0,424,6,6,0,0.737055,4.52517e+12,0,0.0104049,1.00591,1.00642,1.0179
short,2021-01-29,3482,0.21867,3.86743,False,0,False,True,0.00588804,0.00770365,0.00770365,-4.76759e-12,-8.74105e-12,0.0995494,0.99309,1.04598,0.968863,53,0,426,6,6,0,0.719217,4.43138e+12,0,0.00876739,1.08293,1.08357,1.08025
short,2021-02-26,3501,0.21867,3.82771,False,0,False,True,0.00503496,0.00658752,0.00658752,1.22236e-11,5.50453e-12,0.0995201,0.993212,1.04529,0.969784,53,0,427,6,6,0,0.727931,4.08691e+12,0,0.0116503,1.03137,1.03197,1.08009
short,2021-03-31,3524,0.21867,4.32322,False,0,False,True,0.00416586,0.00545093,0.00545093,-4.36118e-12,4.11815e-13,0.0995702,0.993244,1.04519,0.973177,53,0,427,6,6,0,0.731964,3.72597e+12,1,0.0114148,1.02171,1.02231,1.00686
short,2021-04-30,3545,0.21867,3.92885,False,0,False,True,0.0035037,0.00458561,0.00458561,-5.87454e-12,-3.89357e-12,0.0992828,0.993267,1.04523,0.974151,53,0,431,6,6,0,0.726943,3.90038e+12,0,0.0105035,0.898777,0.899304,0.891464
short,2021-05-28,3565,0.21867,3.94998,False,0,False,True,0.00297121,0.00389033,0.00389033,-6.10726e-13,-1.22751e-11,0.0994112,0.993072,1.0456,0.975534,53,0,432,6,6,0,0.725058,3.73426e+12,0,0.00842842,0.827638,0.828138,0.810519
short,2021-06-30,3587,0.222796,3.80732,False,0,False,True,0.0024786,0.00324592,0.00324592,0.00323748,0.00323367,0.101234,0.992507,1.04665,0.971935,54,0,433,7,7,0,0.737225,3.86924e+12,0,0.0114725,0.778615,0.779085,0.746592
short,2021-07-30,3608,0.222796,3.69239,False,0,False,True,0.0020846,0.00273057,0.00273057,0.00272546,0.00272306,0.101801,0.992679,1.04706,0.970618,54,0,434,7,7,0,0.739347,4.08042e+12,0,0.013586,1.6898,1.69209,0.735083
short,2021-08-31,3630,0.222796,3.66653,False,0,False,True,0.00173875,0.00227784,0.00227784,0.00227185,0.00226915,0.10258,0.992773,1.04649,0.973415,54,0,436,7,8,0,0.750965,3.75889e+12,0,0.012096,1.51414,1.51609,0.732526
short,2021-09-30,3651,0.222796,3.6075,False,0,False,True,0.00146228,0.00191599,0.00191599,0.00191109,0.00190887,0.102483,0.992408,1.04656,0.97525,54,0,436,7,7,0,0.745148,3.95141e+12,0,0.0118198,1.27181,1.27334,0.739982
short,2021-10-29,3672,0.222796,3.69413,False,0,False,True,0.00122998,0.00161244,0.00161244,0.00160859,0.00160685,0.103175,0.992952,1.04624,0.974874,54,0,436,7,7,0,0.754505,4.28552e+12,0,0.00818177,1.27785,1.27916,0.845313
short,2021-11-30,3693,0.222796,4.0582,False,0,False,True,0.00103469,0.00135677,0.00135677,0.00135302,0.00135135,0.103274,0.993035,1.0458,0.973574,54,0,436,7,7,0,0.782475,4.26972e+12,0,0.0104853,1.27703,1.2782,1.00167
short,2021-12-31,3715,0.222796,3.90791,False,0,False,True,0.000863152,0.00113196,0.00113196,0.00112839,0.00112683,0.103654,0.993107,1.04617,0.973064,54,0,437,7,7,0,0.740974,5.2532e+12,0,0.00769949,1.15679,1.15783,0.946412
short,2022-01-31,3735,0.222796,3.7676,False,0,False,True,0.000732067,0.000960532,0.000960532,0.000957035,0.000955528,0.103418,0.993061,1.04572,0.969431,54,0,438,7,7,0,0.750754,5.54096e+12,0,0.0103601,1.31564,1.3167,1.1189
short,2022-02-28,3754,0.222796,3.5983,False,0,False,True,0.000626002,0.00082149,0.00082149,0.000818652,0.000817426,0.103166,0.992181,1.0458,0.970175,54,0,439,7,7,0,0.752399,5.39397e+12,0,0.00712732,1.31572,1.31673,1.23177
short,2022-03-31,3777,0.222796,3.78628,False,0,False,True,0.000517924,0.000680011,0.000680011,0.00067714,0.000675926,0.10252,0.992344,1.04631,0.974061,54,0,440,7,7,0,0.760857,5.11406e+12,0,0.0114583,1.2798,1.28075,1.22711
short,2022-04-29,3797,0.222796,3.7196,False,0,False,True,0.000439203,0.000576752,0.000576752,0.000574778,0.000573936,0.101921,0.991848,1.04561,0.973825,54,0,444,7,7,0,0.755176,4.7711e+12,0,0.0134559,1.31924,1.32013,1.24789
short,2022-05-31,3818,0.222796,3.72177,False,0,False,True,0.000369453,0.000485232,0.000485232,0.000483662,0.000482993,0.101361,0.992464,1.04598,0.972884,54,0,444,7,7,0,0.772722,3.93218e+12,0,0.00705322,1.31201,1.31287,1.27713
short,2022-06-30,3839,0.222796,3.69679,False,0,False,True,0.000310738,0.000408277,0.000408277,0.000407054,0.000406533,0.100977,0.992465,1.04578,0.971104,54,0,446,7,7,0,0.766549,3.41219e+12,0,0.00656845,1.21585,1.21656,1.17728
short,2022-07-29,3859,0.222796,3.82144,False,0,False,True,0.000263521,0.000346228,0.000346228,0.000345222,0.000344793,0.101521,0.992422,1.04518,0.972589,54,0,446,7,7,0,0.769481,2.90789e+12,0,0.00837216,1.17232,1.17292,1.14474
short,2022-08-31,3882,0.222796,3.84622,False,0,False,True,0.000218018,0.00028646,0.00028646,0.00028579,0.0002855,0.101705,0.992455,1.04552,0.969931,54,0,446,7,7,0,0.778477,2.43202e+12,0,0.00951561,1.00368,1.00415,1.00398
short,2022-09-30,3903,0.222796,3.80831,False,0,False,True,0.000183363,0.000240957,0.000240957,0.000240327,0.000240057,0.102158,0.991507,1.04567,0.968218,54,0,446,6,6,0,0.789209,9.30184e+13,0,0.0140847,0.964377,0.964806,0.991782
short,2022-10-31,3924,0.222796,3.83205,False,0,False,True,0.000154222,0.000202693,0.000202693,0.000202111,0.000201863,0.101905,0.991913,1.0463,0.970612,54,0,449,6,6,0,0.741433,1.06867e+14,0,0.0125942,1.03108,1.03149,1.1427
short,2022-11-30,3945,0.222796,3.69224,False,0,False,True,0.000129716,0.000170506,0.000170506,0.000170143,0.000169986,0.101041,0.991551,1.04567,0.975043,54,0,450,6,6,0,0.759266,3.1803e+13,0,0.0101449,1.02962,1.03002,1.20271
short,2022-12-30,3966,0.222796,3.78075,False,0,False,True,0.000109094,0.000143385,0.000143385,0.000143122,0.000143007,0.101935,0.991191,1.04562,0.976129,54,0,452,6,7,0,0.756865,2.21795e+12,0,0.00879059,0.896593,0.896927,1.0361
short,2023-01-31,3986,0.222796,3.76526,False,0,False,True,9.25033e-05,0.000121593,0.000121593,0.000121392,0.000121303,0.101533,0.991767,1.0454,0.974073,54,0,451,6,6,0,0.759486,2.26396e+12,0,0.0105682,0.889979,0.890224,1.03982
short,2023-02-28,4005,0.222796,3.72842,False,0,False,True,7.90892e-05,0.000103963,0.000103963,0.000103733,0.000103633,0.101528,0.991236,1.04497,0.974827,54,0,451,7,7,0,0.757301,2.79576e+12,0,0.0102569,0.873533,0.873738,1.04395
short,2023-03-31,4028,0.222796,3.86455,False,0,False,True,6.54221e-05,8.60019e-05,8.60019e-05,8.58622e-05,8.58002e-05,0.101293,0.991534,1.04534,0.971958,54,0,453,7,7,0,0.702301,2.48458e+12,0,0.00681453,0.877135,0.877385,1.02439
short,2023-04-28,4047,0.222796,4.02837,False,0,False,True,5.59317e-05,7.35307e-05,7.35307e-05,7.35376e-05,7.35353e-05,0.101218,0.991042,1.0451,0.968262,54,0,453,7,7,0,0.718211,2.41666e+12,0,0.00722077,0.88353,0.883744,1.0282
short,2023-05-31,4069,0.222796,4.44834,False,0,False,True,4.66552e-05,6.13357e-05,6.13357e-05,6.13469e-05,6.13472e-05,0.101002,0.991719,1.04504,0.968623,54,0,454,6,6,0,0.754976,1.28347e+14,0,0.00744166,0.901615,0.901826,1.07735
short,2023-06-30,4090,0.222796,4.5935,False,0,False,True,3.92377e-05,5.15951e-05,5.15951e-05,5.14959e-05,5.14527e-05,0.101297,0.991711,1.04548,0.973174,54,0,456,6,6,0,0.709884,6.48783e+13,0,0.00822249,0.862198,0.862399,0.995217
short,2023-07-31,4110,0.222796,4.42896,False,0,False,True,3.3272e-05,4.37522e-05,4.37522e-05,4.37078e-05,4.36871e-05,0.101952,0.991747,1.04575,0.971698,54,0,456,6,6,0,0.754335,3.30345e+13,0,0.00704232,0.877522,0.877682,1.05088
short,2023-08-31,4133,0.222796,3.96945,False,0,False,True,2.7527e-05,3.61967e-05,3.61967e-05,3.61544e-05,3.61351e-05,0.102173,0.991104,1.04564,0.974006,54,0,455,6,6,0,0.772791,1.52091e+13,0,0.00540232,0.813565,0.813773,1.0051
short,2023-09-29,4153,0.222796,3.99689,False,0,False,True,2.33422e-05,3.06933e-05,3.06933e-05,3.06603e-05,3.06451e-05,0.102604,0.990869,1.04505,0.97585,54,0,454,5,5,0,0.769749,2.48772e+12,0,0.00737442,0.795817,0.796009,0.936211
short,2023-10-31,4175,0.222796,4.10124,False,0,False,True,1.94704e-05,2.56027e-05,2.56027e-05,2.55292e-05,2.54981e-05,0.102364,0.991128,1.04514,0.97286,54,0,454,5,5,0,0.730138,2.25836e+12,0,0.00417021,0.987161,0.987306,1.06653
short,2023-11-30,4196,0.222796,4.23149,False,0,False,True,1.63741e-05,2.15323e-05,2.15323e-05,2.14792e-05,2.14565e-05,0.102304,0.991041,1.04528,0.971942,54,0,454,5,5,0,0.763685,1.80354e+12,0,0.00477018,0.924807,0.924955,1.0571
short,2023-12-29,4216,0.222796,4.01568,False,0,False,True,1.38851e-05,1.8259e-05,1.8259e-05,1.8215e-05,1.81963e-05,0.102514,0.991092,1.04397,0.973434,54,0,456,5,5,0,0.689816,1.90178e+12,0,0.00580691,0.857185,0.857339,0.995312
short,2024-01-31,4237,0.222796,3.91459,False,0,False,True,1.1677e-05,1.5356e-05,1.5356e-05,1.53009e-05,1.52779e-05,0.103337,0.990718,1.04497,0.972906,54,0,456,5,5,0,0.742257,2.15495e+12,0,0.00576014,0.896035,0.896179,1.0297
short,2024-02-29,4257,0.222796,4.23725,False,0,False,True,9.9023e-06,1.30234e-05,1.30234e-05,1.29681e-05,1.29451e-05,0.103849,0.990755,1.04468,0.972516,54,0,457,5,6,0,0.76962,1.97033e+12,0,0.00834721,0.967127,0.967275,1.13603
short,2024-03-28,4277,0.222796,4.07187,False,0,False,True,8.39801e-06,1.10453e-05,1.10453e-05,1.09983e-05,1.09788e-05,0.104686,0.990469,1.04493,0.97394,54,0,458,5,6,0,0.768926,1.95844e+12,0,0.00840722,0.907709,0.907869,1.0876
short,2024-04-30,4299,0.222796,4.27153,False,0,False,True,7.00462e-06,9.21383e-06,9.21383e-06,9.16705e-06,9.14778e-06,0.104667,0.990223,1.04446,0.969943,54,0,457,5,5,0,0.781643,1.97757e+12,0,0.00845138,0.946094,0.946311,1.23094
short,2024-05-31,4321,0.222796,4.45374,False,0,False,True,5.84235e-06,7.68572e-06,7.68572e-06,7.6483e-06,7.63288e-06,0.104785,0.990781,1.04483,0.97241,54,0,458,5,5,0,0.812634,1.88126e+12,0,0.00703541,0.940902,0.941144,1.25162
short,2024-06-28,4340,0.222796,4.73577,False,0,False,True,4.9954e-06,6.57131e-06,6.57131e-06,6.53274e-06,6.51692e-06,0.105567,0.990033,1.04527,0.972173,54,0,458,5,7,0,0.82188,1.64179e+12,0,0.00243864,0.95428,0.954535,1.17976
short,2024-07-31,4362,0.222796,4.65685,False,0,False,True,4.16708e-06,5.4817e-06,5.4817e-06,5.45629e-06,5.44579e-06,0.104912,0.990191,1.04467,0.972998,54,0,458,5,5,0,0.815077,1.62035e+12,0,0.00917366,1.18917,1.18943,1.3282
short,2024-08-30,4384,0.222796,4.66791,False,0,False,True,3.47562e-06,4.57236e-06,4.57236e-06,4.5538e-06,4.54612e-06,0.104943,0.990414,1.04479,0.973215,54,0,458,5,5,0,0.82079,1.53405e+12,0,0.00618662,1.11094,1.11129,1.24148
short,2024-09-30,4404,0.222796,4.81159,False,0,False,True,2.94716e-06,3.87719e-06,3.87719e-06,3.8584e-06,3.85067e-06,0.105104,0.989377,1.04547,0.974654,54,0,455,5,5,0,0.816222,1.98952e+12,0,0.00456728,1.01802,1.01836,1.14559
short,2024-10-31,4427,0.222796,4.76146,False,0,False,True,2.43801e-06,3.20743e-06,3.20743e-06,3.19235e-06,3.18615e-06,0.10619,0.989935,1.0447,0.972176,54,0,454,5,5,0,0.820356,1.83116e+12,0,0.00752199,1.13989,1.14017,1.25232
short,2024-11-29,4447,0.222796,4.77142,False,0,False,False,2.06735e-06,2.71998e-06,2.71998e-06,2.70483e-06,2.69861e-06,0.105922,0.989549,1.04444,0.967726,54,0,455,5,6,0,0.825094,1.72498e+12,0,0.00235194,1.24365,1.24396,1.34521
long,2007-06-29,62,0.824573,3.54111,True,1,False,False,0.188038,-0.841404,-8.28901e-13,,,,,,,,,,,,,,,,,,,
long,2007-07-31,83,0.617124,3.32336,False,0,False,False,1.56542,0.301314,0.301314,-3.52923e-12,-9.83787e-12,2.77824,0.855647,10.1009,0.887216,51,0,305,8,8,0,0.796493,15.1009,0,0.0177189,,,
long,2007-08-31,106,0.484535,2.87431,False,0,False,False,3.13529,1.11393,1.11393,-7.25676e-12,-2.49443e-12,1.57149,0.893653,4.76525,0.90929,51,0,305,8,8,0,0.805105,5.33899,0,0.0156925,1.80186,1.61018,2.27834
long,2007-09-28,125,0.412011,2.82839,False,0,False,False,3.27475,1.24934,1.24934,-5.0592e-12,-4.37586e-12,1.24868,0.904581,3.9626,0.893816,51,0,306,8,8,0,0.811021,8.68318,0,0.01787,1.43444,1.3068,1.65916
long,2007-10-31,148,0.34934,2.94161,False,0,False,False,7.02018,3.28324,3.28324,-2.09452e-12,-1.02293e-11,0.913089,0.925797,2.48461,0.882804,51,0,308,8,9,0,0.822798,22.4494,0,0.0201933,1.42159,1.31908,1.63795
long,2007-11-30,169,0.30719,2.90574,False,0,False,False,19.6589,11.7889,11.7889,-6.1297e-13,-4.68781e-12,0.723926,0.9416,1.78765,0.910582,51,0,308,8,8,0,0.816141,20.6131,0,0.0105379,1.56612,1.47751,1.62327
long,2007-12-31,189,0.275891,3.01077,False,0,False,False,29.9226,20.0014,20.0014,-6.18357e-12,9.22439e-13,0.635129,0.941799,1.58446,0.914099,51,0,311,8,8,0,0.547838,19.1379,0,0.0200935,1.45941,1.38608,1.52376
long,2008-01-31,210,0.249572,3.19678,False,0,False,False,38.8758,27.2322,27.2322,-6.40039e-12,-2.94775e-12,0.561199,0.959069,1.50658,0.917104,51,0,311,8,8,0,0.809969,17.8162,0,0.013641,1.76339,1.69486,2.78645
long,2008-02-29,230,0.229086,3.21742,False,0,False,False,49.5067,37.7329,37.7329,-3.77095e-12,-8.9974e-12,0.515249,0.95597,1.42625,0.921976,51,0,311,8,8,0,0.831666,16.8198,0,0.013885,1.67249,1.61362,2.53494
long,2008-03-31,250,0.211976,3.13912,False,0,False,False,63.4693,44.8063,44.8063,-5.66161e-12,-1.24263e-11,0.473603,0.966508,1.36342,0.925807,51,0,311,8,8,0,0.836406,23.0445,0,0.0256075,1.67187,1.62007,2.38355
long,2008-04-30,272,0.196165,3.23234,False,0,False,False,75.2366,52.2696,52.2696,-8.56337e-12,-1.06274e-11,0.43716,0.968048,1.31495,0.924698,51,0,311,8,8,0,0.826839,27.2831,0,0.0156963,1.62984,1.58468,2.20611
long,2008-05-30,293,0.183382,3.06907,False,0,False,False,79.4442,56.0144,56.0144,-4.50707e-12,-2.99488e-12,0.407954,0.96763,1.28512,0.931198,51,0,311,8,8,0,0.833063,29.9664,0,0.0160866,1.5337,1.49417,2.01575
long,2008-06-30,314,0.172393,3.12366,False,0,False,False,93.5419,67.4934,67.4934,-4.17184e-12,-1.21398e-12,0.380806,0.967606,1.25136,0.932665,51,0,311,8,9,0,0.833339,26.3285,0,0.0243111,1.50466,1.46951,1.91119
long,2008-07-31,336,0.162439,3.44939,False,0,False,False,112.172,83.4672,83.4672,-2.44169e-12,-1.73094e-12,0.357756,0.970265,1.21958,0.937872,51,0,311,8,8,0,0.814724,34.6428,0,0.0183087,1.67745,1.64576,1.96815
long,2008-08-29,357,0.154156,3.29673,False,0,False,False,119.753,92.8594,92.8594,-3.57216e-12,-3.39545e-12,0.340364,0.96938,1.20436,0.929612,51,0,311,8,8,0,0.823672,31.7697,0,0.0191318,1.60969,1.58143,1.85855
long,2008-09-30,378,0.146861,3.44036,False,0,False,False,128.669,124.15,124.15,6.51653e-13,-7.58912e-12,0.315757,0.971462,1.19567,0.943404,51,0,313,8,8,0,0.847741,25.1271,0,0.017583,1.90995,1.88429,2.14802
long,2008-10-31,401,0.139822,2.77682,False,0,False,False,177.53,149.436,149.436,3.29232e-13,-2.09421e-11,0.287439,0.976536,1.18457,0.960854,51,0,314,8,9,0,0.827302,26.2573,0,0.0198028,2.377,2.35449,2.66011
long,2008-11-28,420,0.134642,3.53648,False,0,False,False,224.578,169.01,169.01,-1.23423e-11,-1.67053e-11,0.274582,0.965252,1.17241,0.934077,51,0,314,8,8,0,0.846566,22.4241,0,0.0188365,2.46508,2.44449,2.74022
long,2008-12-31,442,0.129258,3.94645,False,0,False,False,258.827,187.833,187.833,-2.90334e-11,-1.98356e-11,0.263449,0.963081,1.1631,0.93709,51,0,316,7,8,0,0.990139,23.1467,0,0.044554,2.41008,2.3916,2.63868
long,2009-01-30,462,0.12486,3.92856,False,0,False,True,270.388,204.568,204.568,-1.22592e-12,-2.611e-11,0.253346,0.967735,1.15299,0.930417,51,0,316,7,7,0,0.838963,1.33945e+14,0,0.0217304,2.34852,2.33205,2.76723
long,2009-02-27,481,0.121062,4.61155,False,0,False,True,300.669,232.91,232.91,-2.57597e-11,4.8393e-12,0.244987,0.969995,1.14704,0.92962,51,0,316,7,7,0,0.845052,1.17442e+14,0,0.011814,2.28774,2.27281,2.67373
long,2009-03-31,503,0.117072,5.24499,False,0,False,True,311.466,248.946,248.946,-3.505e-11,-4.01262e-11,0.236327,0.961514,1.1423,0.943039,51,0,317,7,7,0,0.845708,1.09094e+14,0,0.00928853,2.25526,2.24192,2.55082
long,2009-04-30,524,0.113621,5.35548,False,0,False,True,335.848,267.528,267.528,-2.77977e-11,-2.33034e-12,0.232134,0.964912,1.13629,0.939391,51,0,317,7,7,0,0.860602,1.33972e+14,0,0.0203053,2.20125,2.18922,2.43752
long,2009-05-29,544,0.110622,4.4664,False,0,False,True,340.727,275.593,275.593,-2.53466e-11,-9.8206e-12,0.227392,0.967835,1.13285,0.938059,51,0,317,7,7,0,0.852636,9.41592e+13,0,0.0200185,2.09152,2.08061,2.30125
long,2009-06-30,566,0.10761,3.65431,False,0,False,True,331.457,261.581,261.581,-2.64626e-11,-5.08761e-11,0.2207,0.967674,1.12667,0.938646,51,0,318,7,7,0,0.823718,6.86341e+13,0,0.0185864,1.94576,1.93596,2.12508
long,2009-07-31,588,0.104865,3.57575,False,0,False,True,328.65,275.765,275.765,-1.35318e-12,1.95068e-12,0.215871,0.966335,1.12221,0.94227,51,0,318,7,7,0,0.84392,4.75888e+13,0,0.0193775,1.81974,1.81092,1.98332
long,2009-08-31,609,0.102467,3.46852,False,0,False,True,316.181,280.163,280.163,-1.51168e-11,-4.49001e-11,0.210069,0.966546,1.11915,0.944345,51,0,319,7,7,0,0.843507,2.8114e+13,0,0.0194332,1.68661,1.67863,1.84418
long,2009-09-30,630,0.100263,3.35186,False,0,False,True,306.921,272.606,272.606,-4.84477e-11,-3.3072e-11,0.205073,0.966509,1.11361,0.941518,51,0,319,7,7,0,0.832775,209.027,0,0.016112,1.57843,1.57121,1.71795
long,2009-10-30,652,0.0981413,3.44331,False,0,False,True,295.705,266.538,266.538,-1.44648e-11,-8.21445e-12,0.200403,0.966915,1.11056,0.942164,51,0,320,7,8,0,0.850276,12.6884,0,0.0138172,1.47482,1.46831,1.60594
long,2009-11-30,672,0.0963623,3.50357,False,0,False,True,282.94,253.038,253.038,-3.38007e-11,-1.99253e-12,0.196168,0.966866,1.10582,0.943597,51,0,320,7,7,0,0.838268,12.0118,0,0.0127449,1.37306,1.36713,1.50307
long,2009-12-31,694,0.0945546,3.34471,False,0,False,True,271.767,245.195,245.195,-1.61962e-11,-1.41518e-11,0.191923,0.968039,1.1025,0.943412,51,0,319,7,7,0,0.820927,12.3411,1,0.0127902,1.27352,1.26816,1.39632
long,2010-01-29,713,0.0931079,3.47285,False,0,False,True,263.825,236.752,236.752,-4.99307e-12,-2.19711e-11,0.188177,0.966956,1.09949,0.948624,51,0,319,7,7,0,0.838173,11.9423,0,0.0171459,1.21295,1.20803,1.32785
long,2010-02-26,732,0.0917581,3.42084,False,0,False,True,255.743,225.536,225.536,-2.27432e-11,-8.00616e-11,0.185115,0.967514,1.09719,0.951721,51,0,321,7,9,0,0.858517,11.5569,0,0.0141387,1.14507,1.14057,1.25709
long,2010-03-31,755,0.0902429,3.43339,False,0,False,True,243.692,214.185,214.185,-4.36917e-11,-1.42771e-11,0.181196,0.967476,1.09441,0.952271,51,0,321,7,7,0,0.849509,12.8395,0,0.0143041,1.06185,1.05779,1.16744
long,2010-04-30,776,0.0889632,3.6563,False,0,False,True,239.15,208.047,208.047,-1.14245e-11,-3.20344e-12,0.17814,0.967399,1.0917,0.951246,51,0,323,6,6,0,0.847891,1.14006e+14,0,0.0223604,1.00564,1.00196,1.11422
long,2010-05-28,796,0.0878286,3.7754,False,0,False,True,230.375,199.659,199.659,-2.43086e-11,-2.99709e-12,0.17521,0.967512,1.08941,0.952028,51,0,323,6,6,0,0.855518,1.67205e+14,0,0.0173755,0.96184,0.958504,1.06883
long,2010-06-30,818,0.0866676,3.62708,False,0,False,True,224.073,194.372,194.372,3.2637e-12,-1.40299e-11,0.1736,0.967545,1.0869,0.950699,51,0,325,6,7,0,0.854682,1.97234e+14,0,0.0171839,0.917026,0.914039,1.01664
long,2010-07-30,839,0.0856375,3.37984,False,0,False,True,217.142,188.914,188.914,-2.46333e-11,-1.18727e-11,0.17138,0.967844,1.0854,0.95342,51,0,326,6,6,0,0.844523,1.7417e+14,0,0.014055,0.886368,0.883654,0.980077
long,2010-08-31,861,0.0846335,3.37126,False,0,False,True,207.619,179.422,179.422,-4.51064e-12,-4.35984e-12,0.169074,0.967518,1.08267,0.954302,51,0,326,6,6,0,0.837119,1.41976e+14,0,0.0175783,0.839616,0.837166,0.936746
long,2010-09-30,882,0.0837411,3.37207,False,0,False,True,199.825,171.316,171.316,-1.12805e-11,-5.72449e-12,0.166977,0.967804,1.08148,0.953975,51,0,326,6,6,0,0.826719,1.31505e+14,0,0.0171959,0.801904,0.799687,0.896119
long,2010-10-29,903,0.0829083,3.483,False,0,False,True,195.1,171.449,171.449,9.98054e-13,-7.24698e-12,0.165016,0.967424,1.07974,0.955505,51,0,326,6,6,0,0.816461,1.02001e+14,0,0.0197091,0.777549,0.775551,0.869167
long,2010-11-30,924,0.0821304,3.50236,False,0,False,True,188.58,164.189,164.189,-8.85589e-12,-6.92049e-12,0.162548,0.969392,1.078,0.954969,51,0,326,6,6,0,0.816905,9.75217e+13,0,0.0199662,0.74586,0.744054,0.837152
long,2010-12-31,946,0.08137,3.76196,False,0,False,True,183.316,164.163,164.163,-1.65631e-11,-7.96034e-12,0.160402,0.969156,1.07634,0.954519,51,0,327,6,6,0,0.802447,6.93814e+13,0,0.0207952,0.713215,0.711576,0.804257
long,2011-01-31,966,0.0807235,3.8124,False,0,False,True,178.072,162.589,162.589,-4.75326e-12,-8.86716e-12,0.158361,0.969935,1.07462,0.9555,51,0,327,6,6,0,0.840515,3.75309e+13,0,0.02031,0.706561,0.70508,0.799396
long,2011-02-28,985,0.0801461,3.79914,False,0,False,True,174.004,158.268,158.268,-9.4396e-12,-5.50287e-12,0.15775,0.969813,1.07335,0.954963,51,0,327,6,6,0,0.841117,37.7256,0,0.0202587,0.693897,0.692563,0.792237
long,2011-03-31,1008,0.0794918,3.55455,False,0,False,True,167.471,151.833,151.833,-2.90962e-12,-3.12454e-12,0.155413,0.969896,1.07245,0.95691,51,0,328,6,7,0,0.834299,9.90293,0,0.0194488,0.671825,0.670641,0.769086
long,2011-04-29,1028,0.0789598,3.69956,False,0,False,True,162.068,147.199,147.199,-5.52937e-12,-7.88802e-12,0.153752,0.970441,1.07067,0.95843,51,0,329,6,7,0,0.818338,8.28454,0,0.0171139,0.661256,0.660182,0.75734
long,2011-05-31,1049,0.0784355,3.64453,False,0,False,True,156.042,140.569,140.569,-9.20229e-14,-1.02196e-11,0.152316,0.972924,1.06971,0.958313,51,0,329,6,6,0,0.818548,8.03045,0,0.0121302,0.643372,0.642414,0.735267
long,2011-06-30,1071,0.0779214,3.61085,False,0,False,True,150.927,135.374,135.374,-3.28886e-12,-4.62122e-12,0.150765,0.972557,1.06866,0.95707,51,0,329,6,6,0,0.809488,8.29604,0,0.0170532,0.631272,0.630446,0.710754
long,2011-07-29,1091,0.077483,3.51804,False,0,False,True,147.744,131.824,131.824,-1.28296e-11,-6.5643e-12,0.149682,0.972967,1.06776,0.956193,51,0,330,6,6,0,0.78835,8.24407,0,0.0121102,0.63269,0.631969,0.712623
long,2011-08-31,1114,0.0770108,3.37701,False,0,False,True,145.83,126.103,126.103,-5.07101e-12,-1.10077e-12,0.147073,0.974994,1.06628,0.951165,51,0,330,6,6,0,0.816189,10.3619,0,0.0116411,0.686585,0.686133,0.741308
long,2011-09-30,1135,0.0766074,3.5773,False,0,False,True,142.997,125.012,125.012,-8.40576e-12,-1.68854e-11,0.145562,0.975941,1.06604,0.95157,51,0,331,6,7,0,0.821529,8.84023,0,0.0126873,0.710769,0.710439,0.756068
long,2011-10-31,1156,0.0762287,4.24122,False,0,False,True,145.962,124.072,124.072,-2.79749e-12,-8.04069e-12,0.144235,0.977385,1.06531,0.95886,51,0,331,6,6,0,0.823726,8.32431,0,0.0115082,0.751464,0.751276,0.791041
long,2011-11-30,1177,0.075873,3.86168,False,0,False,True,142.267,119.221,119.221,-4.33237e-12,-3.80961e-13,0.142867,0.977656,1.06461,0.956506,51,0,331,6,6,0,0.823072,8.04674,0,0.0109137,0.745958,0.745857,0.786862
long,2011-12-30,1198,0.0755388,3.97073,False,0,False,True,139.755,124.279,124.279,-3.95272e-12,6.91994e-13,0.142082,0.977238,1.06344,0.957213,51,0,333,6,6,0,0.801896,8.4473,0,0.00943308,0.735216,0.735166,0.76962
long,2012-01-31,1218,0.0752393,4.05033,False,0,False,True,139.991,128.103,128.103,-4.33149e-12,-3.33321e-12,0.141998,0.97722,1.06238,0.955022,51,0,333,6,6,0,0.809631,9.72213,0,0.0107802,0.738527,0.738506,0.782497
long,2012-02-29,1238,0.074957,3.69066,False,0,False,True,138.181,123.948,123.948,-2.71018e-12,-8.45516e-13,0.141272,0.977261,1.06186,0.956093,51,0,333,6,6,0,0.807615,10.9104,0,0.0129115,0.72377,0.723768,0.780467
long,2012-03-30,1260,0.074665,3.76747,False,0,False,True,134.361,122.198,122.198,-1.96851e-12,-1.99042e-12,0.140036,0.977496,1.06062,0.957248,51,0,334,6,6,0,0.809328,10.5576,0,0.0129863,0.701158,0.701191,0.753061
long,2012-04-30,1280,0.0744154,3.79339,False,0,False,True,132.157,119.014,119.014,-3.8805e-12,-3.94837e-12,0.139137,0.977408,1.06031,0.960692,51,0,334,6,6,0,0.7895,9.53064,0,0.012623,0.707392,0.707449,0.756089
long,2012-05-31,1302,0.0741572,4.08406,False,0,False,True,128.965,114.311,114.311,-1.44796e-12,-1.56465e-12,0.138167,0.978593,1.05951,0.959753,51,0,334,6,6,0,0.806461,10.9296,0,0.00996357,0.701997,0.702085,0.761576
long,2012-06-29,1323,0.0739256,4.08224,False,0,False,True,127.915,115.495,115.495,-4.43897e-12,-4.31106e-12,0.136536,0.978443,1.05899,0.960979,51,1,336,7,7,0,0.803959,10.638,0,0.0100752,0.70347,0.703599,0.755516
long,2012-07-31,1344,0.075153,3.92097,False,0,False,True,125.345,110.543,110.543,-6.96404e-13,-2.95534e-12,0.136981,0.980321,1.06051,0.959994,52,0,337,7,7,0,0.814551,8.52182,0,0.0104767,0.737558,0.737698,0.782644
long,2012-08-31,1367,0.0749246,3.97145,False,0,False,True,120.838,104.888,104.888,-4.9059e-12,-1.99149e-14,0.136915,0.980219,1.05913,0.958952,52,0,337,7,7,0,0.816989,10.3947,0,0.0183106,0.796061,0.79636,0.76883
long,2012-09-28,1386,0.0747471,3.80642,False,0,False,True,118.727,103.094,103.094,-1.08415e-12,3.34027e-12,0.136235,0.980797,1.05848,0.959653,52,0,338,7,7,0,0.81278,10.6532,0,0.0131738,0.793209,0.793533,0.754562
long,2012-10-31,1407,0.0745618,3.74432,False,0,False,True,116.367,100.968,100.968,-8.84115e-12,3.09712e-12,0.135962,0.97999,1.05804,0.962412,52,0,340,7,7,0,0.820194,10.3153,0,0.0188827,0.841643,0.842082,0.779038
long,2012-11-30,1428,0.0743874,3.81832,False,0,False,True,115.598,98.9506,98.9506,-8.1962e-12,1.09884e-12,0.135425,0.979796,1.0575,0.959714,52,0,340,7,7,0,0.826887,11.099,0,0.014201,0.835805,0.836256,0.781025
long,2012-12-31,1448,0.0742308,3.93681,False,0,False,True,113.285,95.7067,95.7067,-5.30396e-12,-8.0945e-13,0.13473,0.979699,1.05663,0.957712,52,0,342,7,7,0,0.836301,11.3047,1,0.0185832,0.816012,0.816448,0.761273
long,2013-01-31,1469,0.0740756,4.11696,False,0,False,True,116.621,94.9858,94.9858,-1.33051e-12,-1.7694e-12,0.133669,0.979746,1.05595,0.961919,52,0,342,7,7,0,0.830115,11.5636,0,0.0156669,0.819229,0.819677,0.767771
long,2013-02-28,1488,0.073943,4.16061,False,0,False,True,114.665,100.473,100.473,3.42541e-14,-3.51103e-12,0.13322,0.979523,1.05551,0.960521,52,0,343,7,7,0,0.834402,13.0671,0,0.0155319,0.821546,0.822013,0.771752
long,2013-03-28,1508,0.073811,3.93714,False,0,False,True,113.274,102.109,102.109,-1.0095e-12,-2.03724e-12,0.132723,0.9795,1.05522,0.961366,52,0,344,7,7,0,0.828333,11.4999,0,0.0107131,0.801507,0.801957,0.757069
long,2013-04-30,1530,0.0736741,3.97921,False,0,False,True,112.266,99.1017,99.1017,-2.63834e-12,-1.79288e-13,0.131368,0.983053,1.05558,0.963647,52,0,345,7,8,0,0.8442,12.4723,0,0.0114711,0.832277,0.832708,0.778656
long,2013-05-31,1552,0.0735456,3.6495,False,0,False,True,111.062,97.3312,97.3312,-6.01855e-12,-3.56922e-13,0.130949,0.983497,1.05498,0.961034,52,0,346,7,7,0,0.836721,12.0672,0,0.0117186,0.822911,0.823331,0.778706
long,2013-06-28,1572,0.0734354,3.55537,False,0,False,True,108.945,93.9839,93.9839,-2.53652e-12,-3.33911e-12,0.129753,0.984151,1.0545,0.959605,52,0,346,7,7,0,0.827114,13.3001,0,0.0146157,0.81054,0.810957,0.774289
long,2013-07-31,1594,0.0733212,3.61222,False,0,False,True,107.926,92.4815,92.4815,-2.80117e-12,-2.13584e-12,0.128981,0.984094,1.05388,0.961719,52,0,347,7,8,0,0.818126,18.2579,0,0.0140786,0.821243,0.821616,0.789965
long,2013-08-30,1616,0.0732139,3.45673,False,0,False,True,105.801,90.6956,90.6956,-1.85745e-12,-6.10025e-12,0.128916,0.983985,1.05307,0.962989,52,0,347,7,7,0,0.815451,20.0351,0,0.0185678,0.801953,0.802303,0.775126
long,2013-09-30,1636,0.073122,3.53175,False,0,False,True,103.327,89.7258,89.7258,2.27298e-12,-4.86608e-12,0.128278,0.98431,1.05294,0.962647,52,0,349,7,7,0,0.719929,19.8899,0,0.0174789,0.786532,0.786865,0.767053
long,2013-10-31,1659,0.0730224,3.47011,False,0,False,True,100.713,87.7328,87.7328,-1.89766e-12,-5.55325e-12,0.12841,0.983729,1.05276,0.962081,52,0,350,7,8,0,0.807865,12.9947,0,0.0155688,0.799473,0.799753,0.793972
long,2013-11-29,1679,0.072941,3.45413,False,0,False,True,98.0558,86.6622,86.6622,-5.17086e-12,-2.4084e-12,0.127886,0.983577,1.05233,0.96355,52,0,351,7,7,0,0.797685,11.7567,0,0.025307,0.784467,0.784725,0.789256
long,2013-12-31,1700,0.0742613,3.36404,False,0,False,True,28.8168,51.8609,51.8609,-6.60678e-12,-3.2557e-12,0.131103,0.98379,1.05358,0.963342,53,0,351,8,8,0,0.795925,11.393,0,0.0286894,0.767177,0.767408,0.778758
long,2014-01-31,1721,0.0741837,3.46325,False,0,False,True,95.0719,82.0574,82.0574,-3.98458e-12,4.04311e-12,0.129593,0.983471,1.05336,0.955194,53,0,354,8,9,0,0.807472,11.0396,0,0.0312137,1.10499,1.10614,0.793548
long,2014-02-28,1740,0.0741173,3.37322,False,0,False,True,93.6182,81.9291,81.9291,3.62697e-12,-4.32123e-12,0.129458,0.983199,1.05325,0.955664,53,0,354,7,7,0,0.790921,4.37354e+13,0,0.0249392,1.21943,1.22074,0.805216
long,2014-03-31,1761,0.0740479,3.49012,False,0,False,True,91.9089,80.2463,80.2463,-2.93462e-12,1.21388e-12,0.12924,0.982728,1.05272,0.957915,53,0,354,7,7,0,0.801058,4.54213e+13,0,0.0246988,1.17901,1.18023,0.795345
long,2014-04-30,1782,0.0739824,3.49258,False,0,False,True,89.8017,78.0225,78.0225,-3.66819e-12,-1.56506e-12,0.128942,0.982755,1.05262,0.958498,53,0,354,7,7,0,0.789933,3.80683e+13,0,0.0301264,1.15713,1.15828,0.807538
long,2014-05-30,1803,0.0739207,3.56296,False,0,False,True,87.1682,74.4403,74.4403,-3.46541e-12,-2.83755e-12,0.1282,0.982591,1.05223,0.962716,53,0,355,7,7,0,0.75824,3.44974e+13,0,0.0215097,1.13578,1.13687,0.794329
long,2014-06-30,1824,0.0738625,3.48956,False,0,False,True,85.0306,71.6018,71.6018,-2.63716e-12,-5.34966e-12,0.12825,0.982886,1.05115,0.961415,53,0,355,7,7,0,0.788345,2.9231e+13,0,0.0132779,1.09141,1.09242,0.793858
long,2014-07-31,1846,0.0738051,3.54543,False,0,False,True,84.4471,72.3594,72.3594,1.46064e-13,3.74631e-12,0.128342,0.982788,1.05103,0.959962,53,0,357,7,7,0,0.772864,2.63869e+13,0,0.00768313,1.07582,1.07674,0.799673
long,2014-08-29,1867,0.0737534,3.41697,False,0,False,True,81.1396,69.7302,69.7302,-2.45683e-12,1.47061e-12,0.128061,0.982138,1.05143,0.96026,53,0,357,7,7,0,0.784337,2.28827e+13,0,0.0286705,1.06672,1.06762,0.779788
long,2014-09-30,1888,0.0737047,3.42232,False,0,False,True,79.662,68.5477,68.5477,2.8044e-14,4.26919e-12,0.127679,0.98285,1.05122,0.960608,53,0,358,7,7,0,0.803651,2.0518e+13,0,0.0284744,1.03007,1.0309,0.765467
long,2014-10-31,1911,0.0736545,3.36943,False,0,False,True,79.2361,67.6319,67.6319,-4.62872e-12,1.41781e-12,0.126986,0.984026,1.05058,0.957691,53,0,358,7,7,0,0.80858,1.64188e+13,0,0.0259947,1.07582,1.07662,0.810889
long,2014-11-28,1930,0.0736154,3.46985,False,0,False,True,78.2548,67.7751,67.7751,-7.76049e-13,4.57688e-13,0.126355,0.984631,1.05085,0.95562,53,0,357,7,7,0,0.80299,1.3239e+13,0,0.0165148,1.08145,1.08221,0.829692
long,2014-12-31,1952,0.0735727,3.33426,False,0,False,True,77.8729,66.76,66.76,-2.87703e-12,-1.1889e-12,0.126454,0.984249,1.05055,0.95797,53,0,358,7,7,0,0.792553,8.38561e+12,0,0.0147472,1.08069,1.08144,0.826949
long,2015-01-30,1972,0.073536,3.3008,False,0,False,True,77.5388,66.7272,66.7272,2.91279e-12,-1.07576e-13,0.126008,0.983709,1.05013,0.95981,53,0,359,7,8,0,0.797212,31.6981,0,0.0145121,1.10425,1.10496,0.855948
long,2015-02-27,1991,0.073503,3.27357,False,0,False,True,77.5897,65.708,65.708,1.25127e-12,2.73037e-12,0.125422,0.983665,1.04975,0.956056,53,0,360,7,7,0,0.780336,15.3626,0,0.0128311,1.10842,1.10908,0.882016
long,2015-03-31,2013,0.0734669,3.24999,False,0,False,True,76.1735,64.5593,64.5593,-2.69982e-12,-3.48856e-12,0.125213,0.983289,1.04952,0.956241,53,0,365,7,7,0,0.566451,10.0365,0,0.0122949,1.08153,1.08216,0.870397
long,2015-04-30,2034,0.0734344,3.21876,False,0,False,True,75.7884,64.1047,64.1047,4.77724e-12,6.23031e-13,0.124372,0.982683,1.04922,0.95273,53,0,366,7,7,0,0.750527,11.2258,0,0.00879166,1.09634,1.0969,0.949243
long,2015-05-29,2054,0.0734052,3.39306,False,0,False,True,74.6755,62.4318,62.4318,-7.51823e-12,3.36285e-13,0.124719,0.983101,1.04953,0.952841,53,0,366,7,7,0,0.76509,13.7571,0,0.0139934,1.06636,1.06688,0.935506
long,2015-06-30,2076,0.0733749,3.34579,False,0,False,True,72.8795,60.1627,60.1627,-1.14824e-12,1.53579e-12,0.124714,0.982068,1.04975,0.95264,53,0,366,7,7,0,0.767134,17.7674,0,0.0197309,1.02677,1.02724,0.917635
long,2015-07-31,2098,0.0733463,3.2657,False,0,False,True,73.5181,61.1219,61.1219,-9.41391e-13,-7.45158e-12,0.124402,0.983154,1.04936,0.955476,53,0,368,7,8,0,0.770993,19.1684,0,0.0131386,1.03432,1.03475,0.938581
long,2015-08-31,2119,0.0733207,3.39722,False,0,False,True,73.3578,61.9403,61.9403,-5.37081e-12,2.08773e-12,0.12325,0.983411,1.04921,0.960521,53,0,368,7,7,0,0.794495,19.3762,0,0.015261,1.05657,1.05706,0.971835
long,2015-09-30,2140,0.0732964,3.49402,False,0,False,True,72.7371,61.577,61.577,4.24204e-12,-4.00758e-12,0.122505,0.983028,1.04893,0.960652,53,0,369,7,7,0,0.807868,26.6547,0,0.019538,1.06168,1.06215,0.966138
long,2015-10-30,2162,0.0732725,3.78259,False,0,False,True,75.7675,63.502,63.502,6.10638e-14,2.44071e-12,0.121105,0.984469,1.04886,0.963103,53,0,370,7,7,0,0.814182,25.614,0,0.0100462,1.1283,1.12867,1.03395
long,2015-11-30,2182,0.073252,3.90202,False,0,False,True,81.1509,74.7542,74.7542,-2.27422e-13,1.71187e-12,0.121074,0.983923,1.04783,0.962919,53,0,370,7,7,0,0.812577,24.6315,0,0.0171207,1.14095,1.14128,1.05844
long,2015-12-31,2204,0.0732308,3.88277,False,0,False,True,81.4853,75.357,75.357,-2.85192e-12,-1.98794e-12,0.120208,0.983817,1.04833,0.962636,53,0,372,7,8,0,0.806908,23.997,0,0.0162592,1.14885,1.14916,1.05962
long,2016-01-29,2223,0.0732134,3.86074,False,0,False,True,86.1744,81.597,81.597,-2.41833e-13,1.2515e-13,0.118681,0.983946,1.04754,0.955588,53,0,372,7,7,0,0.834301,24.5477,0,0.014945,1.22002,1.22034,1.13233
long,2016-02-29,2243,0.0731961,4.31828,False,0,False,True,89.0552,86.0709,86.0709,5.85852e-12,1.12423e-11,0.117483,0.984152,1.04809,0.967402,53,0,373,7,7,0,0.839688,24.6478,0,0.0159669,1.27589,1.27622,1.20196
long,2016-03-31,2265,0.0731781,4.42425,False,0,False,True,91.2734,88.1442,88.1442,7.55553e-12,1.63178e-12,0.116976,0.984178,1.04733,0.967877,53,0,376,7,8,0,0.845097,28.6141,0,0.0223721,1.25868,1.25897,1.17539
long,2016-04-29,2286,0.0731619,4.19534,False,0,False,True,94.9172,91.6342,91.6342,-3.15347e-13,4.39734e-12,0.116669,0.984013,1.04795,0.965142,53,0,376,7,8,0,0.842732,30.0534,0,0.0332831,1.26917,1.26942,1.16875
long,2016-05-31,2307,0.0731466,4.07992,False,0,False,True,94.5531,88.5173,88.5173,3.9143e-12,-3.63046e-12,0.116324,0.984517,1.04767,0.964559,53,0,382,7,9,0,0.794652,28.1179,1,0.0281777,1.23633,1.23656,1.14216
long,2016-06-30,2329,0.0731316,4.1179,False,0,False,True,94.5389,88.2492,88.2492,-1.52548e-12,8.32521e-12,0.117205,0.984733,1.04761,0.964472,53,0,383,7,7,0,0.805717,28.6526,0,0.0297652,1.20326,1.20352,1.11534
long,2016-07-29,2349,0.0731186,4.0082,False,0,False,True,94.4589,88.0002,88.0002,-4.25435e-12,1.00851e-11,0.116768,0.984715,1.04743,0.96209,53,0,385,7,7,0,0.803702,24.3473,0,0.0211454,1.19299,1.1932,1.13017
long,2016-08-31,2372,0.0731046,3.8546,False,0,False,True,92.1112,85.1467,85.1467,-5.83922e-12,-5.69506e-12,0.116305,0.984766,1.04631,0.962565,53,0,386,7,8,0,0.817628,24.4052,0,0.0193412,1.14406,1.14424,1.10303
long,2016-09-30,2393,0.0730926,3.54249,False,0,False,True,90.6859,83.8236,83.8236,3.7291e-12,-2.90066e-12,0.116292,0.984618,1.04645,0.962181,53,0,390,7,8,0,0.790441,20.3,0,0.022207,1.10372,1.1039,1.07051
long,2016-10-31,2414,0.0730812,3.53592,False,0,False,True,91.1874,84.9531,84.9531,2.42204e-13,-5.10869e-12,0.115796,0.985048,1.04649,0.96817,53,0,391,7,8,0,0.812501,19.5751,0,0.0185524,1.12027,1.1204,1.089
long,2016-11-30,2435,0.0730705,3.72296,False,0,False,True,92.4402,86.9432,86.9432,-4.22649e-12,9.30735e-12,0.113845,0.986112,1.04703,0.966336,53,0,391,7,7,0,0.811767,18.8929,0,0.0132857,1.20019,1.20028,1.14755
long,2016-12-30,2456,0.0730604,3.93256,False,0,False,True,91.0592,87.3999,87.3999,-5.52432e-12,-2.85941e-12,0.113424,0.98654,1.04702,0.968988,53,0,391,8,8,0,0.813504,20.9955,0,0.0236406,1.16463,1.16471,1.11198
long,2017-01-31,2476,0.0730513,4.04399,False,0,False,True,89.3045,85.3232,85.3232,-5.85033e-12,-1.08734e-12,0.113104,0.986011,1.04693,0.96586,53,0,392,8,8,0,0.811479,20.35,0,0.0190484,1.15247,1.15254,1.11274
long,2017-02-28,2495,0.0730431,3.98766,False,0,False,True,88.7626,83.7173,83.7173,1.15795e-12,5.18531e-13,0.112849,0.985346,1.04664,0.965105,53,0,394,8,9,0,0.812642,17.3246,0,0.00816434,1.13103,1.13108,1.10178
long,2017-03-31,2518,0.0730337,4.11905,False,0,False,True,85.6553,80.7212,80.7212,-1.17278e-12,-2.07076e-12,0.112798,0.986095,1.04602,0.963962,53,0,397,8,8,0,0.773697,15.2178,0,0.0107048,1.0805,1.08056,1.0523
long,2017-04-28,2537,0.0730264,4.0583,False,0,False,True,84.2813,78.7826,78.7826,-4.246e-12,-7.83818e-13,0.113148,0.985829,1.04641,0.962674,53,0,399,8,8,0,0.768385,10.8629,0,0.01045,1.05333,1.05337,1.03541
long,2017-05-31,2559,0.0730184,4.04287,False,0,False,True,83.4108,78.692,78.692,-5.08554e-13,8.42405e-13,0.112607,0.986257,1.04624,0.968671,53,0,399,8,8,0,0.794061,8.60286,0,0.0145869,1.03446,1.0345,1.01959
long,2017-06-30,2581,0.0730109,4.12943,False,0,False,True,83.3029,76.4449,76.4449,2.54904e-13,3.03749e-12,0.112516,0.986515,1.04611,0.970011,53,0,399,9,9,0,0.784093,8.32277,0,0.015997,1.01574,1.01579,0.997123
long,2017-07-31,2601,0.0730045,3.93654,False,0,False,True,82.6403,74.4381,74.4381,6.84944e-12,3.48972e-13,0.112566,0.986282,1.04549,0.967385,53,0,402,8,12,0,0.769035,8.07286,0,0.0096683,1.01568,1.01572,1.0086
long,2017-08-31,2624,0.0729975,4.04197,False,0,False,True,81.0944,72.7686,72.7686,7.24478e-13,-2.34473e-12,0.112248,0.986673,1.04599,0.966746,53,0,404,8,8,0,0.767603,7.79107,0,0.00870784,0.985522,0.985562,0.993823
long,2017-09-29,2644,0.0729917,4.18773,False,0,False,True,79.4541,71.6695,71.6695,-4.50707e-13,-4.17842e-13,0.112273,0.986678,1.04631,0.967017,53,0,401,8,8,0,0.758471,7.55398,0,0.0144723,0.977201,0.977231,0.992438
long,2017-10-31,2666,0.0729858,4.17829,False,0,False,True,81.2059,74.6457,74.6457,2.51472e-12,-5.30214e-12,0.112067,0.986301,1.04643,0.967916,53,0,402,8,8,0,0.769398,7.58639,0,0.0161406,0.979205,0.97921,1.02322
long,2017-11-30,2687,0.0729804,4.2967,False,0,False,True,82.8525,75.0297,75.0297,-3.31804e-13,-1.5317e-12,0.111713,0.986758,1.0454,0.965848,53,0,404,8,8,0,0.763206,7.0708,0,0.0149009,1.02414,1.02413,1.04272
long,2017-12-29,2707,0.0729756,4.18227,False,0,False,True,80.868,75.0963,75.0963,2.08854e-12,1.87874e-12,0.11163,0.987462,1.04626,0.968328,53,0,403,8,8,0,0.772594,7.26619,0,0.0173948,1.01527,1.01526,1.03031
long,2018-01-31,2728,0.0729708,3.88242,False,0,False,True,81.4168,74.7672,74.7672,1.37392e-12,-8.80527e-13,0.111132,0.986721,1.04562,0.968695,53,0,405,7,7,0,0.761027,2.38743e+14,0,0.0163106,1.03953,1.03952,1.05437
long,2018-02-28,2747,0.0729667,3.77218,False,0,False,True,84.4539,75.1901,75.1901,-8.98482e-13,2.31184e-13,0.111923,0.987,1.04553,0.972223,53,0,405,7,7,0,0.766577,2.91999e+14,0,0.0234451,1.06394,1.06396,1.09114
long,2018-03-29,2768,0.0729624,3.69862,False,0,False,True,85.0435,75.1439,75.1439,5.07929e-12,-1.18364e-12,0.111275,0.986303,1.04568,0.969529,53,0,407,7,7,0,0.741291,2.91999e+14,0,0.0252171,1.07593,1.07595,1.07963
long,2018-04-30,2789,0.0729584,3.50929,False,0,False,True,82.9656,73.1725,73.1725,6.29287e-12,5.07301e-12,0.11049,0.985876,1.04509,0.969276,53,0,408,7,7,0,0.740017,2.62287e+14,0,0.0201287,1.10274,1.10274,1.09048
long,2018-05-31,2811,0.0729544,3.81214,False,0,False,True,81.7254,74.623,74.623,2.44329e-12,9.12775e-13,0.110168,0.986292,1.04459,0.968938,53,0,408,7,7,0,0.76241,2.8292e+14,0,0.0119879,1.10412,1.10411,1.10509
long,2018-06-29,2832,0.0729508,3.8738,False,0,False,True,81.6588,73.2629,73.2629,-1.79729e-12,3.12849e-12,0.109824,0.98606,1.04596,0.968987,53,0,406,7,7,0,0.762567,2.31355e+14,0,0.0112278,1.10552,1.10552,1.09662
long,2018-07-31,2853,0.0729474,3.81436,False,0,False,True,81.8546,72.9517,72.9517,3.71765e-12,-5.41983e-12,0.109394,0.986591,1.04522,0.969312,53,0,407,7,7,0,0.765516,2.1027e+14,0,0.0220519,1.1473,1.14727,1.10888
long,2018-08-31,2876,0.0729439,3.85413,False,0,False,True,80.8681,72.5312,72.5312,6.43712e-12,-3.37748e-12,0.109739,0.986849,1.04496,0.968784,53,0,409,7,8,0,0.779576,1.80536e+14,0,0.013151,1.11179,1.11176,1.08729
long,2018-09-28,2895,0.0729412,3.707,False,0,False,True,78.7873,70.5745,70.5745,-1.14723e-12,5.70778e-12,0.109812,0.986131,1.04512,0.972035,53,0,409,7,7,0,0.776795,1.32173e+14,0,0.0084947,1.09088,1.09084,1.07132
long,2018-10-31,2918,0.0729381,3.86987,False,0,False,True,82.2974,78.1595,78.1595,1.40084e-12,7.96474e-12,0.108181,0.986835,1.04518,0.972612,53,0,411,7,7,0,0.76258,4.93425e+13,0,0.0180266,1.18142,1.18137,1.1359
long,2018-11-30,2939,0.0729354,4.0254,False,0,False,True,82.6189,80.9004,80.9004,1.69492e-12,1.11603e-12,0.107912,0.985811,1.04511,0.972204,53,0,411,7,7,0,0.782468,3.00042e+13,0,0.0312143,1.20715,1.20711,1.19945
long,2018-12-31,2958,0.0729331,3.75253,False,0,False,True,82.1065,80.5268,80.5268,1.8975e-12,-1.25083e-13,0.107761,0.986059,1.04482,0.97315,53,0,413,7,8,0,0.776949,3.24392e+13,0,0.0235431,1.21811,1.2181,1.19749
long,2019-01-31,2979,0.0729307,3.94965,False,0,False,True,83.9178,82.1779,82.1779,-4.51182e-12,-3.55245e-13,0.108459,0.984807,1.04512,0.969409,53,0,412,7,7,0,0.771995,3.34035e+13,0,0.012901,1.23437,1.23435,1.21531
long,2019-02-28,2998,0.0729287,4.00076,False,0,False,True,82.2224,83.8902,83.8902,-3.94884e-12,-7.23146e-13,0.108298,0.984419,1.04464,0.969771,53,0,413,7,8,0,0.752023,3.52005e+13,0,0.00693842,1.23163,1.23157,1.22133
long,2019-03-29,3019,0.0729265,3.63935,False,0,False,True,80.4283,83.758,83.758,-8.06789e-12,-4.11532e-12,0.108104,0.984543,1.04448,0.969832,53,0,413,7,7,0,0.762907,3.67355e+13,0,0.00659757,1.195,1.19495,1.18531
long,2019-04-30,3040,0.0729245,3.82457,False,0,False,True,78.7739,85.0594,85.0594,5.29423e-12,4.40427e-12,0.107623,0.985106,1.04529,0.969406,53,0,413,7,7,0,0.780399,3.73181e+13,0,0.00617362,1.19272,1.19265,1.18196
long,2019-05-31,3062,0.0729225,3.8828,False,0,False,True,78.5719,85.3922,85.3922,-5.19368e-12,-4.82254e-14,0.107839,0.985218,1.04535,0.96484,53,0,413,7,7,0,0.782208,3.77699e+13,0,0.00760616,1.1671,1.16704,1.16751
long,2019-06-28,3082,0.0729208,4.10927,False,0,False,True,76.7532,83.3635,83.3635,4.38781e-12,3.43153e-12,0.107691,0.984578,1.04459,0.966497,53,0,413,8,8,0,0.779465,3.77154e+13,0,0.00771694,1.13722,1.13717,1.1386
long,2019-07-31,3104,0.072919,3.90455,False,0,False,True,76.022,83.8977,83.8977,-4.1744e-13,1.34695e-12,0.108054,0.985504,1.04526,0.97092,53,0,414,8,8,0,0.787178,3.86222e+13,0,0.00784398,1.13802,1.13795,1.14099
long,2019-08-30,3126,0.0729173,3.67878,False,0,False,True,78.1679,88.9163,88.9163,7.2198e-12,6.95287e-13,0.108013,0.986157,1.04445,0.97219,53,0,416,8,8,0,0.786549,3.90007e+13,0,0.00791858,1.12461,1.12455,1.13996
long,2019-09-30,3146,0.0729159,3.88621,False,0,False,True,81.484,88.0143,88.0143,3.19828e-13,2.58798e-13,0.107557,0.987003,1.04454,0.967966,53,0,417,8,10,0,0.76794,3.8965e+13,0,0.00797392,1.10913,1.10906,1.12182
long,2019-10-31,3169,0.0729143,3.46076,False,0,False,True,81.4503,86.0879,86.0879,5.97782e-12,2.83525e-12,0.108162,0.986645,1.04426,0.971153,53,0,416,8,8,0,0.764816,3.98645e+13,0,0.0142913,1.10098,1.10091,1.13186
long,2019-11-29,3189,0.072913,3.53294,False,0,False,True,80.2075,82.1902,82.1902,-2.89886e-12,-5.76761e-12,0.108041,0.987909,1.04357,0.971752,53,0,415,8,9,0,0.777414,3.95436e+13,0,0.00838859,1.073,1.07293,1.12015
long,2019-12-31,3210,0.0729118,3.39506,False,0,False,True,78.4787,79.8786,79.8786,4.90322e-12,-5.4494e-12,0.108662,0.987536,1.04476,0.972587,53,0,416,8,11,0,0.763377,3.96327e+13,0,0.00936416,1.02413,1.02407,1.07654
long,2020-01-31,3231,0.0729106,3.47865,False,0,False,True,78.5386,79.9635,79.9635,-9.31432e-13,-1.60831e-13,0.10829,0.988284,1.04421,0.970025,53,0,416,8,8,0,0.777018,3.95026e+13,0,0.0112287,1.0081,1.00804,1.07176
long,2020-02-28,3250,0.0729095,3.5162,False,0,False,True,81.2692,78.1552,78.1552,3.99425e-13,-1.77292e-12,0.108518,0.987994,1.04463,0.97266,53,0,415,8,8,0,0.783457,3.72385e+13,0,0.012164,1.01976,1.01976,1.11097
long,2020-03-31,3272,0.0729084,3.32979,False,0,False,True,117.542,113.133,113.133,-4.27628e-12,1.12707e-12,0.0980777,0.994029,1.04533,0.969788,53,0,416,8,8,0,0.68429,3.40245e+13,0,0.0185138,1.89681,1.89701,2.14765
long,2020-04-30,3293,0.0729074,4.84174,False,0,False,True,145.373,143.954,143.954,3.36454e-12,9.0321e-12,0.097245,0.994074,1.04572,0.973753,53,0,416,8,8,0,0.698457,3.18319e+13,0,0.0194906,1.94581,1.94612,2.18964
long,2020-05-29,3313,0.0729065,4.5673,False,0,False,True,155.438,140.629,140.629,-1.47191e-11,4.13237e-12,0.0969667,0.993788,1.04528,0.973665,53,0,417,7,8,0,0.729498,3.01905e+13,0,0.0110276,1.91769,1.91804,2.13354
long,2020-06-30,3335,0.0729056,4.62928,False,0,False,True,162.037,152.164,152.164,-1.44045e-12,-9.11032e-12,0.0977209,0.99353,1.04583,0.974453,53,0,420,7,7,0,0.696468,2.88201e+13,0,0.00900286,1.84978,1.85016,2.05239
long,2020-07-31,3357,0.0729047,4.56722,False,0,False,True,166.785,159.678,159.678,-7.24184e-12,7.21204e-12,0.0979652,0.993445,1.04515,0.974179,53,0,419,7,7,0,0.720333,2.75726e+13,0,0.00743898,1.79676,1.79716,1.97818
long,2020-08-31,3378,0.0729039,4.49044,False,0,False,True,168.448,163.841,163.841,-9.03955e-12,9.37335e-12,0.0980235,0.993416,1.04496,0.974499,53,0,419,7,7,0,0.730535,2.55661e+13,0,0.00979996,1.71911,1.71952,1.88797
long,2020-09-30,3399,0.0729031,4.42694,False,0,False,True,167.051,167.345,167.345,3.99285e-12,7.93901e-12,0.0985124,0.993168,1.04487,0.972031,53,0,418,6,6,0,0.672927,1.47102e+13,0,0.00673536,1.6555,1.6559,1.8007
long,2020-10-30,3421,0.0729024,4.09066,False,0,False,True,159.731,162.321,162.321,-5.09676e-13,7.7684e-12,0.0989272,0.993105,1.04575,0.971691,53,0,420,6,6,0,0.740346,1.4343e+13,0,0.00720318,1.59238,1.59278,1.73992
long,2020-11-30,3441,0.0729017,3.8865,False,0,False,True,151.944,161.265,161.265,-2.56828e-11,-1.39942e-11,0.0995063,0.993656,1.04546,0.970143,53,0,422,6,6,0,0.711858,1.57647e+13,0,0.0082074,1.59307,1.5935,1.74129
long,2020-12-31,3463,0.0729011,3.69288,False,0,False,True,143.1,158.111,158.111,1.14931e-11,-9.56655e-12,0.0997143,0.993512,1.0454,0.969691,53,0,424,6,6,0,0.721064,1.43796e+13,0,0.00933265,1.51219,1.51263,1.64419
long,2021-01-29,3482,0.0729005,3.86743,False,0,False,True,135.944,163.827,163.827,6.67296e-13,-8.53191e-12,0.0995494,0.99309,1.04598,0.968863,53,0,426,6,6,0,0.703775,1.28754e+13,0,0.00856468,1.49919,1.49967,1.62246
long,2021-02-26,3501,0.0729,3.82771,False,0,False,True,129.072,163.336,163.336,1.32806e-12,7.46082e-12,0.0995201,0.993212,1.04529,0.969784,53,0,427,6,6,0,0.710221,1.1919e+13,0,0.0117687,1.45549,1.45597,1.59005
long,2021-03-31,3524,0.0728994,4.32322,False,0,False,True,121.219,155.035,155.035,-6.19153e-13,5.04203e-12,0.0995702,0.993244,1.04519,0.973177,53,0,427,6,6,0,0.721687,6.09344e+12,1,0.0110934,1.42076,1.42126,1.53192
long,2021-04-30,3545,0.0728989,3.92885,False,0,False,True,114.449,146.523,146.523,1.00019e-12,4.43117e-13,0.0992828,0.993267,1.04523,0.974151,53,0,431,6,6,0,0.718368,6.40854e+12,0,0.010461,1.35422,1.3547,1.4575
long,2021-05-28,3565,0.0728985,3.94998,False,0,False,True,108.353,138.853,138.853,3.37652e-12,8.11108e-12,0.0994112,0.993072,1.0456,0.975534,53,0,432,6,6,0,0.715902,6.76658e+12,0,0.00816721,1.2973,1.29778,1.39101
long,2021-06-30,3587,0.0742734,3.80732,False,0,False,True,64.5383,13.265,13.265,13.4774,13.5537,0.101234,0.992507,1.04665,0.971935,54,0,433,7,7,0,0.731905,7.05354e+12,0,0.0100046,1.24045,1.24092,1.32114
long,2021-07-30,3608,0.074273,3.69239,False,0,False,True,96.329,123.588,123.588,123.535,123.479,0.101801,0.992679,1.04706,0.970618,54,0,434,7,7,0,0.737961,7.21052e+12,0,0.0124832,1.96259,1.96459,1.26262
long,2021-08-31,3630,0.0742726,3.66653,False,0,False,True,90.694,116.4,116.4,116.251,116.159,0.10258,0.992773,1.04649,0.973415,54,0,436,7,8,0,0.750255,7.3917e+12,0,0.0107448,1.9605,1.96255,1.20867
long,2021-09-30,3651,0.0742722,3.6075,False,0,False,True,85.618,109.921,109.921,109.78,109.694,0.102483,0.992408,1.04656,0.97525,54,0,436,7,7,0,0.737764,7.66064e+12,0,0.0113574,1.84869,1.85061,1.15997
long,2021-10-29,3672,0.0742718,3.69413,False,0,False,True,80.8436,103.871,103.871,103.745,103.668,0.103175,0.992952,1.04624,0.974874,54,0,436,7,7,0,0.750018,7.88821e+12,0,0.0077431,1.78443,1.78624,1.13618
long,2021-11-30,3693,0.0742715,4.0582,False,0,False,True,76.3494,98.1554,98.1554,97.981,97.8892,0.103274,0.993035,1.0458,0.973574,54,0,436,7,7,0,0.766369,8.11353e+12,0,0.0115137,1.73855,1.74029,1.13709
long,2021-12-31,3715,0.0742711,3.90791,False,0,False,True,71.8953,92.4595,92.4595,92.2482,92.1446,0.103654,0.993107,1.04617,0.973064,54,0,437,7,7,0,0.724705,8.37212e+12,0,0.00983237,1.6612,1.66285,1.1008
long,2022-01-31,3735,0.0742709,3.7676,False,0,False,True,68.0756,87.6257,87.6257,87.3688,87.2498,0.103418,0.993061,1.04572,0.969431,54,0,438,7,7,0,0.730796,8.70463e+12,0,0.0100495,1.6499,1.65151,1.11532
long,2022-02-28,3754,0.0742706,3.5983,False,0,False,True,64.6301,83.2096,83.2096,82.9781,82.8705,0.103166,0.992181,1.0458,0.970175,54,0,439,7,7,0,0.734871,8.86526e+12,0,0.00686554,1.61631,1.61785,1.13056
long,2022-03-31,3777,0.0742703,3.78628,False,0,False,True,60.6887,78.2073,78.2073,77.9169,77.7892,0.10252,0.992344,1.04631,0.974061,54,0,440,7,7,0,0.754584,9.04828e+12,0,0.0110185,1.57733,1.57881,1.12893
long,2022-04-29,3797,0.07427,3.7196,False,0,False,True,57.4532,74.06,74.06,73.8395,73.7413,0.101921,0.991848,1.04561,0.973825,54,0,444,7,7,0,0.73691,9.17919e+12,0,0.0128173,1.56457,1.566,1.1311
long,2022-05-31,3818,0.0742698,3.72177,False,0,False,True,54.2524,69.9542,69.9542,69.7537,69.6651,0.101361,0.992464,1.04598,0.972884,54,0,444,7,7,0,0.751353,8.41921e+12,0,0.00967764,1.55,1.55139,1.1418
long,2022-06-30,3839,0.0742696,3.69679,False,0,False,True,51.2212,66.0781,66.0781,65.9012,65.8234,0.100977,0.992465,1.04578,0.971104,54,0,446,7,7,0,0.74821,7.88304e+12,0,0.0057718,1.50824,1.50955,1.12049
long,2022-07-29,3859,0.0742694,3.82144,False,0,False,True,48.4915,62.5555,62.5555,62.3931,62.3214,0.101521,0.992422,1.04518,0.972589,54,0,446,7,7,0,0.766915,7.85317e+12,0,0.00890078,1.47662,1.47786,1.11048
long,2022-08-31,3882,0.0742691,3.84622,False,0,False,True,45.5306,58.7393,58.7393,58.6197,58.5657,0.101705,0.992455,1.04552,0.969931,54,0,446,7,7,0,0.774245,7.38559e+12,0,0.0100145,1.4065,1.40764,1.07136
long,2022-09-30,3903,0.074269,3.80831,False,0,False,True,42.9839,55.4639,55.4639,55.3345,55.2771,0.102158,0.991507,1.04567,0.968218,54,0,446,6,6,0,0.778352,4.23443e+13,0,0.0134856,1.36257,1.36365,1.05202
long,2022-10-31,3924,0.0742688,3.83205,False,0,False,True,40.5813,52.3745,52.3745,52.2375,52.1775,0.101905,0.991913,1.0463,0.970612,54,0,449,6,6,0,0.732646,1.022e+14,0,0.0124154,1.34658,1.34761,1.07818
long,2022-11-30,3945,0.0742686,3.69224,False,0,False,True,38.3148,49.4575,49.4575,49.3635,49.3214,0.101041,0.991551,1.04567,0.975043,54,0,450,6,6,0,0.746967,7.98081e+13,0,0.0101822,1.32231,1.3233,1.09698
long,2022-12-30,3966,0.0742684,3.78075,False,0,False,True,36.1702,46.6849,46.6849,46.6096,46.5751,0.101935,0.991191,1.04562,0.976129,54,0,452,6,7,0,0.745917,6.38886e+13,0,0.00968799,1.26198,1.2629,1.058
long,2023-01-31,3986,0.0742683,3.76526,False,0,False,True,34.237,44.1952,44.1952,44.1317,44.1022,0.101533,0.991767,1.0454,0.974073,54,0,451,6,6,0,0.746636,5.36367e+13,0,0.00942036,1.22902,1.22988,1.05142
long,2023-02-28,4005,0.0742682,3.72842,False,0,False,True,32.4981,41.9518,41.9518,41.8676,41.8301,0.101528,0.991236,1.04497,0.974827,54,0,451,7,7,0,0.739292,4.60948e+13,0,0.00989599,1.19753,1.19833,1.04676
long,2023-03-31,4028,0.074268,3.86455,False,0,False,True,30.5088,39.3871,39.3871,39.3306,39.3045,0.101293,0.991534,1.04534,0.971958,54,0,453,7,7,0,0.660779,4.61928e+13,0,0.00917342,1.16402,1.16478,1.03731
long,2023-04-28,4047,0.0742679,4.02837,False,0,False,True,28.9572,37.3871,37.3871,37.3974,37.3983,0.101218,0.991042,1.0451,0.968262,54,0,453,7,7,0,0.67879,3.80593e+13,0,0.00650536,1.13839,1.13911,1.03008
long,2023-05-31,4069,0.0742678,4.44834,False,0,False,True,27.2628,35.2001,35.2001,35.2125,35.2145,0.101002,0.991719,1.04504,0.968623,54,0,454,6,6,0,0.704755,9.54768e+13,0,0.00749727,1.11719,1.11786,1.03658
long,2023-06-30,4090,0.0742677,4.5935,False,0,False,True,25.7368,33.2379,33.2379,33.1792,33.153,0.101297,0.991711,1.04548,0.973174,54,0,456,6,6,0,0.665122,8.44507e+13,0,0.0105228,1.08661,1.08724,1.01303
long,2023-07-31,4110,0.0742676,4.42896,False,0,False,True,24.3625,31.4645,31.4645,31.4373,31.4239,0.101952,0.991747,1.04575,0.971698,54,0,456,6,6,0,0.70714,8.02959e+13,0,0.00626596,1.06493,1.06551,1.01637
long,2023-08-31,4133,0.0742674,3.96945,False,0,False,True,22.8752,29.5438,29.5438,29.5131,29.4985,0.102173,0.991104,1.04564,0.974006,54,0,455,6,6,0,0.727263,8.84359e+13,0,0.0047919,1.02459,1.02515,1.00233
long,2023-09-29,4153,0.0742673,3.99689,False,0,False,True,21.6539,27.9664,27.9664,27.9398,27.927,0.102604,0.990869,1.04505,0.97585,54,0,454,5,5,0,0.729807,7.15285e+13,0,0.00705438,0.994887,0.995416,0.977127
long,2023-10-31,4175,0.0742673,4.10124,False,0,False,True,20.3862,26.3299,26.3299,26.2574,26.2264,0.102364,0.991128,1.04514,0.97286,54,0,454,5,5,0,0.676329,5.47107e+13,0,0.00477263,1.01192,1.01241,0.992622
long,2023-11-30,4196,0.0742672,4.23149,False,0,False,True,19.2439,24.8561,24.8561,24.7975,24.7722,0.102304,0.991041,1.04528,0.971942,54,0,454,5,5,0,0.715153,4.38328e+13,0,0.00610279,0.98621,0.986671,0.987972
long,2023-12-29,4216,0.0742671,4.01568,False,0,False,True,18.2168,23.5292,23.5292,23.4751,23.4518,0.102514,0.991092,1.04397,0.973434,54,0,456,5,5,0,0.643891,3.52287e+13,0,0.00575568,0.955472,0.955909,0.969208
long,2024-01-31,4237,0.074267,3.91459,False,0,False,True,17.1963,22.2125,22.2125,22.135,22.1023,0.103337,0.990718,1.04497,0.972906,54,0,456,5,5,0,0.694381,2.77212e+13,0,0.00539285,0.944342,0.944754,0.968634
long,2024-02-29,4257,0.0742669,4.23725,False,0,False,True,16.279,21.03,21.03,20.9425,20.906,0.103849,0.990755,1.04468,0.972516,54,0,457,5,6,0,0.717452,2.27371e+13,0,0.00591311,0.953171,0.953561,0.989866
long,2024-03-28,4277,0.0742669,4.07187,False,0,False,True,15.4121,19.9108,19.9108,19.8277,19.7931,0.104686,0.990469,1.04493,0.97394,54,0,458,5,6,0,0.714162,1.12505e+13,0,0.00705713,0.928579,0.928952,0.981095
long,2024-04-30,4299,0.0742668,4.27153,False,0,False,True,14.5089,18.7466,18.7466,18.6529,18.6141,0.104667,0.990223,1.04446,0.969943,54,0,457,5,5,0,0.721117,5.95762e+12,0,0.00468214,0.922144,0.92251,1.01697
long,2024-05-31,4321,0.0742667,4.45374,False,0,False,True,13.6585,17.6499,17.6499,17.5651,17.5301,0.104785,0.990781,1.04483,0.97241,54,0,458,5,5,0,0.758214,5.70956e+12,0,0.00709775,0.910559,0.910918,1.031
long,2024-06-28,4340,0.0742667,4.73577,False,0,False,True,12.9654,16.7537,16.7537,16.6564,16.6164,0.105567,0.990033,1.04527,0.972173,54,0,458,5,7,0,0.772191,5.42591e+12,0,0.00308176,0.906499,0.906852,1.02174
long,2024-07-31,4362,0.0742666,4.65685,False,0,False,True,12.2072,15.7741,15.7741,15.7018,15.6719,0.104912,0.990191,1.04467,0.972998,54,0,458,5,5,0,0.763316,5.41121e+12,0,0.00518139,0.948834,0.949179,1.06129
long,2024-08-30,4384,0.0742666,4.66791,False,0,False,True,11.4916,14.8503,14.8503,14.7908,14.7661,0.104943,0.990414,1.04479,0.973215,54,0,458,5,5,0,0.773929,5.14903e+12,0,0.00669391,0.94053,0.940884,1.05971
long,2024-09-30,4404,0.0742665,4.81159,False,0,False,True,10.8777,14.0572,14.0572,13.9898,13.9619,0.105104,0.989377,1.04547,0.974654,54,0,455,5,5,0,0.783539,5.27652e+12,0,0.00435136,0.920935,0.921285,1.04409
long,2024-10-31,4427,0.0742665,4.76146,False,0,False,True,10.2122,13.1976,13.1976,13.1361,13.1108,0.10619,0.989935,1.0447,0.972176,54,0,454,5,5,0,0.777634,5.04946e+12,0,0.00439933,0.944773,0.945109,1.07333
long,2024-11-29,4447,0.0742664,4.77142,False,0,False,False,9.66687,12.4938,12.4938,12.4246,12.3963,0.105922,0.989549,1.04444,0.967726,54,0,455,5,6,0,0.796406,4.97064e+12,0,0.00341902,0.984267,0.984604,1.11506
