model,label,halflife,parameters,parameters_min,parameters_max,kish_volatility,kish_correlation,k_over_t,k_over_t_min,k_over_t_max,k_over_t_asymptotic,bias_monthly,months,interval_lower,interval_upper,bias_daily,days,comparand_window,comparand_t,predicted_bias_sd,predicted_variance_multiplier,upper_bound_bias_sd,tracks,expected,verdict,extra_family2_monthly,extra_family2_daily,extra_min_var_realised_volatility,extra_b_factor,extra_b_factor_lower,extra_b_factor_upper,extra_b_specific,extra_b_specific_lower,extra_b_specific_upper,extra_liquidated_cells,extra_risk_model_term,extra_cost_term,extra_sharpe_net,extra_turnover_annual,extra_shipped,extra_monte_carlo_standard_error,extra_seed,extra_joint_excess_variance,extra_correlation_leg_variance,extra_volatility_leg_variance
macro,"macro K=6, tau=21",21,6,6,6,60.14165333,1083.857391,0.09976446719,0.0990120368,0.4081007307,0.09902102579,1.647051623,188,1.495696894,1.832754964,1.328672256,3874,correlation,1083.857391,1.005566599,1.011164185,1.110820406,False,not_track,HOLDS,0.9784416183,1.03055653,5.203564871,,,,,,,,,,,,,,,,,
macro_naive,"naive N=13, tau=21",21,13,13,13,60.14165333,1083.857391,0.2161563456,0.2145260797,0.8842182498,0.2145455559,1.501141411,188,1.363195004,1.670393528,1.265033672,3874,volatility,60.14165333,1.275764618,1.627575359,1.275764618,False,,reported,0.9624725284,,4.728074409,,,,,,,,,,,,,,,,,
macro,"macro K=6, tau=42",42,6,6,6,118.9879256,1083.857391,0.05042528448,0.04950938918,0.4020315341,0.0495105129,1.64258734,188,1.491642853,1.827787337,1.330604878,3874,correlation,1083.857391,1.005566599,1.011164185,1.053103019,False,not_track,HOLDS,0.9590772691,1.02000895,5.214326618,,,,,,,,,,,,,,,,,
macro_naive,"naive N=13, tau=42",42,13,13,13,118.9879256,1083.857391,0.109254783,0.1072703432,0.8710683239,0.1072727779,1.366425911,188,1.240859098,1.520488998,1.134566537,3874,volatility,118.9879256,1.122655481,1.260355329,1.122655481,False,,reported,0.9395299784,,4.582778874,,,,,,,,,,,,,,,,,
macro,"macro K=6, tau=63",63,6,6,6,176.5223484,1083.857391,0.03399003048,0.03300667564,0.4009034295,0.0330070086,1.641662308,188,1.490802826,1.826758009,1.331708855,3874,correlation,1083.857391,1.005566599,1.011164185,1.035186004,False,not_track,HOLDS,0.9474179834,1.01451185,5.211445964,,,,,,,,,,,,,,,,,
macro_naive,"naive N=13, tau=63",63,13,13,13,176.5223484,1083.857391,0.07364506603,0.07151446389,0.8686240973,0.0715151853,1.311096821,188,1.190614438,1.458921611,1.08866405,3874,volatility,176.5223484,1.079499837,1.165319898,1.079499837,False,,reported,0.9258907178,,4.562437007,,,,,,,,,,,,,,,,,
macro,"macro K=6, tau=84",84,6,6,6,232.7434111,1083.857391,0.02577946234,0.02475511598,0.4005082827,0.02475525645,1.641728177,188,1.490862642,1.826831305,1.332204188,3874,correlation,1083.857391,1.005566599,1.011164185,1.026461629,False,not_track,HOLDS,0.943400152,1.01058393,5.204306713,,,,,,,,,,,,,,,,,
macro_naive,"naive N=13, tau=84",84,13,13,13,232.7434111,1083.857391,0.05585550173,0.05363608463,0.8677679457,0.05363638897,1.279267332,188,1.161709898,1.423503379,1.066045017,3874,volatility,232.7434111,1.059159908,1.121819711,1.059159908,False,,reported,0.9192389628,,4.569831505,,,,,,,,,,,,,,,,,
macro,"macro K=6, tau=126",126,6,6,6,341.2444834,1083.857391,0.01758270182,0.0165034627,0.4002259363,0.0165035043,1.642266938,188,1.491351894,1.82743081,1.332508202,3874,correlation,1083.857391,1.005566599,1.011164185,1.017897386,False,not_track,HOLDS,0.9358986721,1.006063129,5.186959333,,,,,,,,,,,,,,,,,
macro_naive,"naive N=13, tau=126",126,13,13,13,341.2444834,1083.857391,0.03809585395,0.03575750251,0.8671561953,0.03575759265,1.258969419,188,1.143277249,1.400916898,1.045783469,3874,volatility,341.2444834,1.039604626,1.080777778,1.039604626,False,,reported,0.9086240656,,4.60448053,,,,,,,,,,,,,,,,,
macro,"macro K=6, tau=168",168,6,6,6,444.4904256,1083.857391,0.01349860347,0.01237761334,0.4001270956,0.01237762822,1.642691295,188,1.491737255,1.827903013,1.33231388,3874,correlation,1083.857391,1.005566599,1.011164185,1.013683309,False,not_track,HOLDS,0.9326448552,1.003164667,5.170446617,,,,,,,,,,,,,,,,,
macro_naive,"naive N=13, tau=168",168,13,13,13,444.4904256,1083.857391,0.02924697418,0.02681816223,0.8669420406,0.02681819449,1.252797632,188,1.137672614,1.394049249,1.039952504,3874,volatility,444.4904256,1.030128131,1.061163966,1.030128131,False,,reported,0.8987984954,,4.638540978,,,,,,,,,,,,,,,,,
macro,"macro K=6, tau=252",252,6,6,6,635.2194979,1083.857391,0.009445553891,0.008252121164,0.400056489,0.00825175215,1.643514952,188,1.492485222,1.828819536,1.331993477,3874,correlation,1083.857391,1.005566599,1.011164185,1.009535623,False,not_track,HOLDS,0.9290796004,1.001565451,5.144447553,,,,,,,,,,,,,,,,,
macro_naive,"naive N=13, tau=252",252,13,13,13,635.2194979,1083.857391,0.02046536676,0.01787959585,0.8667890595,0.01787879632,1.259981444,188,1.144196275,1.402043029,1.042491779,3874,volatility,635.2194979,1.020892949,1.042222413,1.020892949,False,,reported,0.8852913179,,4.687977481,,,,,,,,,,,,,,,,,
macro,"macro K=6, tau=336",336,6,6,6,805.0006507,1083.857391,0.007453410124,0.006192880404,0.4000317755,0.006188814112,1.644459247,188,1.493342742,1.8298703,1.331919787,3874,correlation,1083.857391,1.005566599,1.011164185,1.007509381,False,not_track,HOLDS,0.9231725204,1.000619574,5.127024137,,,,,,,,,,,,,,,,,
macro_naive,"naive N=13, tau=336",336,13,13,13,805.0006507,1083.857391,0.01614905527,0.01341790754,0.8667355135,0.01340909724,1.273849054,188,1.15678953,1.417474197,1.048992638,3874,volatility,805.0006507,1.016414128,1.033097679,1.016414128,False,,reported,0.8782511943,,4.722792865,,,,,,,,,,,,,,,,,
macro,"macro K=6, tau=504",504,6,6,6,1083.857391,1083.857391,0.005535783625,0.004165356381,0.4000141226,0.004125876075,1.646238721,188,1.494958692,1.831850408,1.332149395,3874,correlation,1083.857391,1.005566599,1.011164185,1.005566599,False,not_track,HOLDS,0.9194269446,1.000730948,5.108778058,,,,,,,,,,,,,,,,,
macro_naive,"naive N=13, tau=504",504,13,13,13,1083.857391,1083.857391,0.01199419786,0.009024938825,0.8666972655,0.008939398162,1.298579913,188,1.179247762,1.444993434,1.061384556,3874,volatility,1083.857391,1.012139805,1.024426985,1.012139805,False,,reported,0.866712993,,4.778871688,,,,,,,,,,,,,,,,,
equity,"equity K_d=51-54, tau=63",63,52.68421053,51,54,181.7235701,1227.17509,0.2899140189,0.2805570105,0.2970600808,0.2898246983,1.21434337,190,1.103288715,1.350452507,1.107230659,3985,correlation,1227.17509,1.045138072,1.09231359,1.411735007,False,track,REFUTED,0.9613412601,0.9964046486,72.49271721,1.19507216,0.8992122001,1.100657837,0.9957500298,0.8992122001,1.100657837,42,,,,,,,,,,
equity_naive,"naive N=447, tau=63",63,447,447,447,181.7235701,1227.17509,2.459779982,2.458997335,2.48968304,2.459022141,3.508849311,190,3.187956504,3.902137126,3.569409387,3985,volatility,181.7235701,inf,inf,inf,False,,reported,0.9702474196,,131.9111908,,,,,,,,,,,,,,,,,
equity,"equity K_d=51-54, tau=84",84,52.68421053,51,54,242.021759,1227.17509,0.2176837766,0.2104261224,0.2227960438,0.2173685237,1.1837596,190,1.075501904,1.316440769,1.087438431,3985,correlation,1227.17509,1.045138072,1.09231359,1.280391,False,track,REFUTED,0.958588104,0.993703676,72.84554893,1.182549664,0.8992122001,1.100657837,0.967698689,0.8992122001,1.100657837,42,,,,,,,,,,
equity_naive,"naive N=447, tau=84",84,447,447,447,242.021759,1227.17509,1.846941373,1.844256141,1.927603245,1.844266605,3.240105827,190,2.943790265,3.603271648,3.215293916,3985,volatility,242.021759,inf,inf,inf,False,,reported,0.9600213168,,118.851681,,,,,,,,,,,,,,,,,
equity,"equity K_d=51-54, tau=126",126,52.68421053,51,54,360.8971082,1227.17509,0.1459812487,0.1404733021,0.1642604455,0.1449123492,1.140137173,190,1.035868854,1.267928941,1.062823592,3985,correlation,1227.17509,1.045138072,1.09231359,1.172135426,True,track,HOLDS,0.9540874131,0.9886593449,73.29355562,1.163686826,0.8992122001,1.100657837,0.9412226024,0.8992122001,1.100657837,42,,,,,,,,,,
equity_naive,"naive N=447, tau=126",126,447,447,447,360.8971082,1227.17509,1.238580165,1.22950797,1.439694493,1.22951107,2.743301559,190,2.492419957,3.050783295,2.64718441,3985,volatility,360.8971082,inf,inf,inf,False,,reported,0.9478987916,,106.3446496,,,,,,,,,,,,,,,,,
equity,"equity K_d=51-54, tau=168",168,52.68421053,51,54,476.2289041,1227.17509,0.1106279146,0.1061098688,0.1419502332,0.1086842619,1.111841551,190,1.010160936,1.236461817,1.046326929,3985,correlation,1227.17509,1.045138072,1.09231359,1.125227742,True,track,HOLDS,0.9495126558,0.9838767087,73.55235089,1.150179111,0.8992122001,1.100657837,0.9284472234,0.8992122001,1.100657837,42,,,,,,,,,,
equity_naive,"naive N=447, tau=168",168,447,447,447,476.2289041,1227.17509,0.9386242543,0.9221320161,1.244152044,0.9221333027,2.39777151,190,2.178489472,2.666524665,2.297078311,3985,volatility,476.2289041,16.29308107,265.4644907,16.29308107,False,,reported,0.9387540941,,100.6067883,,,,,,,,,,,,,,,,,
equity,"equity K_d=51-54, tau=252",252,52.68421053,51,54,693.4468884,1227.17509,0.07597439892,0.07289846858,0.1248597658,0.07245617458,1.07653446,190,0.9780827639,1.197197346,1.022413796,3985,correlation,1227.17509,1.045138072,1.09231359,1.082754715,True,track,HOLDS,0.941437761,0.9765866016,73.83711758,1.132325968,0.8992122001,1.100657837,0.914999335,0.8992122001,1.100657837,42,,,,,,,,,,
equity_naive,"naive N=447, tau=252",252,447,447,447,693.4468884,1227.17509,0.6446059641,0.6147614775,1.094359124,0.6147555351,2.050124275,190,1.862635422,2.279911543,1.932355018,3985,volatility,693.4468884,2.813778226,7.917347905,2.813778226,False,,reported,0.9224177544,,95.36462901,,,,,,,,,,,,,,,,,
equity,"equity K_d=51-54, tau=336",336,52.68421053,51,54,891.166955,1227.17509,0.05911822721,0.05473783501,0.1186218315,0.05434213093,1.054141443,190,0.9577376434,1.172294418,1.004977524,3985,correlation,1227.17509,1.045138072,1.09231359,1.063233225,True,track,HOLDS,0.9343240367,0.9707925523,73.98836581,1.120242932,0.8992122001,1.100657837,0.9075303598,0.8992122001,1.100657837,42,,,,,,,,,,
equity_naive,"naive N=447, tau=336",336,447,447,447,891.166955,1227.17509,0.5015895141,0.461166164,1.039685465,0.4610666514,1.893743157,190,1.720555738,2.106002517,1.764784672,3985,volatility,891.166955,2.006378333,4.025554017,2.006378333,True,,reported,0.9110692325,,93.01147735,,,,,,,,,,,,,,,,,
equity,"equity K_d=51-54, tau=504",504,52.68421053,51,54,1227.17509,1227.17509,0.0429312907,0.03699048578,0.1140786607,0.03622808729,1.025578656,190,0.9317869928,1.140530184,0.9803680062,3985,correlation,1227.17509,1.045138072,1.09231359,1.045138072,True,track,HOLDS,0.9241149069,0.9625584311,74.14070726,1.102156574,0.8992122001,1.100657837,0.8987254478,0.8992122001,1.100657837,42,,,,,,,,,,
equity_naive,"naive N=447, tau=504",504,447,447,447,1227.17509,1227.17509,0.3642512007,0.308775769,0.9998659085,0.3073777676,1.765102398,190,1.603679489,1.962943116,1.626863218,3985,volatility,1227.17509,1.572948311,2.474166388,1.572948311,False,,reported,0.8967934,,91.24998893,,,,,,,,,,,,,,,,,
macro_book,"reference book K=6, tau=21",21,6,6,6,60.21699173,1083.90723,0.1000669675,0.0990120368,0.2160613503,0.09902102579,1.13224208,187,1.027942431,1.26028219,1.133710651,187,correlation,1083.90723,1.005566342,1.011163668,1.110666413,False,not_track,HOLDS,,,,1.062025801,,,1.33114064,,,,0.1179392042,0.04092237672,0.8411255609,6.247111165,0,,,,,
macro_book,"reference book K=6, tau=42",42,6,6,6,119.1656901,1083.90723,0.05139102914,0.04950938918,0.2040642588,0.0495105129,1.092393231,187,0.99176437,1.215927016,1.08876504,187,correlation,1083.90723,1.005566342,1.011163668,1.053019603,True,not_track,REFUTED,,,,1.008422078,,,1.313246143,,,,0.07920743237,0.03965890221,0.8526679914,5.783933327,0,,,,,
macro_book,"reference book K=6, tau=63",63,6,6,6,176.7755463,1083.90723,0.03543460709,0.03300667564,0.2018104467,0.0330070086,1.075485405,187,0.9764140557,1.197107161,1.071238328,187,correlation,1083.90723,1.005566342,1.011163668,1.035133836,True,not_track,REFUTED,,,,0.984346355,,,1.314397071,,,,0.06345533099,0.03981929329,0.8509277651,5.665736717,0,,,,,
macro_book,"reference book K=6, tau=84",84,6,6,6,233.0539849,1083.90723,0.02758871119,0.02475511598,0.2010191889,0.02475525645,1.065054989,187,0.9669444667,1.185497217,1.061101939,187,correlation,1083.90723,1.005566342,1.011163668,1.026425434,True,not_track,REFUTED,,,,0.9722314999,,,1.312359232,,,,0.05434979611,0.03999360455,0.8495002032,5.62058555,1,,,,,
macro_book,"reference book K=6, tau=126",126,6,6,6,341.649085,1083.90723,0.01992604065,0.0165034627,0.2004532313,0.0165035043,1.049308662,187,0.9526486567,1.167970209,1.045895162,187,correlation,1083.90723,1.005566342,1.011163668,1.017875812,True,not_track,REFUTED,,,,0.9563227551,,,1.307389054,,,,0.0408991825,0.04016085292,0.8509828083,5.505620623,0,,,,,
macro_book,"reference book K=6, tau=168",168,6,6,6,444.9720723,1083.90723,0.01622681931,0.01237761358,0.2002549935,0.01237762822,1.038790633,187,0.9430995254,1.156262744,1.035910048,187,correlation,1083.90723,1.005566342,1.011163668,1.013668295,True,not_track,REFUTED,,,,0.9470067207,,,1.301336319,,,,0.03220852752,0.04074328273,0.856179137,5.469096516,0,,,,,
macro_book,"reference book K=6, tau=252",252,6,6,6,635.7756144,1083.90723,0.01271094406,0.008252143416,0.2001133466,0.00825175215,1.021870349,187,0.9277379007,1.137429022,1.019953505,187,correlation,1083.90723,1.005566342,1.011163668,1.009527203,True,not_track,REFUTED,,,,0.9324329242,,,1.293843014,,,,0.01797893816,0.04167513481,0.8593664568,5.428524608,0,,,,,
macro_book,"reference book K=6, tau=336",336,6,6,6,805.4975888,1083.90723,0.01108488997,0.006193060593,0.2000637607,0.006188814112,1.010886445,187,0.9177658098,1.125202998,1.009529218,187,correlation,1083.90723,1.005566342,1.011163668,1.007504713,True,not_track,REFUTED,,,,0.9228076838,,,1.288302355,,,,0.008606580265,0.04237269581,0.8608053693,5.399762224,0,,,,,
macro_book,"reference book K=6, tau=504",504,6,6,6,1083.90723,1083.90723,0.009635752059,0.004166518959,0.2000283391,0.004125876075,0.9987711883,187,0.9067665839,1.111717682,0.9978486564,187,correlation,1083.90723,1.005566342,1.011163668,1.005566342,True,not_track,REFUTED,,,,0.9120995238,,,1.281627494,,,,-0.001950836315,0.04330112551,0.8634979223,5.36645863,0,,,,,
equity_simulated_second_order,"simulated second-order, tau=63",63,52.68421053,,,,,0.2899140189,,,,1.21434337,190,1.103288715,1.350452507,,,simulated_split_window,,1.042533738,,,False,track,REFUTED,,,,1.19507216,,,,,,,,,,,,0.001173655201,20260825,0.0868765959,0.07612703003,0.01006393509
equity_simulated_second_order,"simulated second-order, tau=84",84,52.68421053,,,,,0.2176837766,,,,1.1837596,190,1.075501904,1.316440769,,,simulated_split_window,,1.040606758,,,False,track,REFUTED,,,,1.182549664,,,,,,,,,,,,0.000993552665,20260826,0.08286242484,0.07618169401,0.006238510468
equity_simulated_second_order,"simulated second-order, tau=126",126,52.68421053,,,,,0.1459812487,,,,1.140137173,190,1.035868854,1.267928941,,,simulated_split_window,,1.039870327,,,True,track,HOLDS,,,,1.163686826,,,,,,,,,,,,0.000833170945,20260827,0.08133029647,0.07589432553,0.005103040343
equity_simulated_second_order,"simulated second-order, tau=168",168,52.68421053,,,,,0.1106279146,,,,1.111841551,190,1.010160936,1.236461817,,,simulated_split_window,,1.039165954,,,True,track,HOLDS,,,,1.150179111,,,,,,,,,,,,0.0007297115533,20260828,0.07986587952,0.07614210414,0.00357781215
equity_simulated_second_order,"simulated second-order, tau=252",252,52.68421053,,,,,0.07597439892,,,,1.07653446,190,0.9780827639,1.197197346,,,simulated_split_window,,1.03854427,,,True,track,HOLDS,,,,1.132325968,,,,,,,,,,,,0.0005968666773,20260829,0.07857420113,0.07630035249,0.002184270244
equity_simulated_second_order,"simulated second-order, tau=336",336,52.68421053,,,,,0.05911822721,,,,1.054141443,190,0.9577376434,1.172294418,,,simulated_split_window,,1.037876453,,,True,track,HOLDS,,,,1.120242932,,,,,,,,,,,,0.0005194701571,20260830,0.07718753155,0.07570738684,0.001436866005
equity_simulated_second_order,"simulated second-order, tau=504",504,52.68421053,,,,,0.0429312907,,,,1.025578656,190,0.9317869928,1.140530184,,,simulated_split_window,,1.037407876,,,True,track,HOLDS,,,,1.102156574,,,,,,,,,,,,0.0004400607134,20260831,0.07621510082,0.07601895292,0.0001897430716
